question_id,tier,original_question,paraphrased_question,paraphrase_reviewed,semantic_equivalence,reviewer_id,notes
isro_002,1,What is the primary objective of Chandrayaan-3?,,,,,
isro_003,1,When did Chandrayaan-3 land on the Moon?,,,,,
isro_004,1,What is the name of the rover on Chandrayaan-3?,,,,,
isro_005,1,What is the name of the lander on Chandrayaan-3?,,,,,
isro_006,1,When was Mangalyaan launched?,,,,,
isro_007,1,What launch vehicle carried Mangalyaan?,,,,,
isro_008,1,When was Aditya-L1 launched?,,,,,
isro_009,1,What is the primary objective of Aditya-L1?,,,,,
isro_010,1,What does PSLV stand for?,,,,,
isro_011,1,What does GSLV stand for?,,,,,
isro_101,2,Which launch vehicle carried the satellite that first detected water molecules on the Moon?,,,,,
isro_102,2,Which ISRO mission carried the Moon Impact Probe and what did it discover?,,,,,
isro_103,2,Who was the ISRO chairman when Chandrayaan-1 was launched?,,,,,
isro_104,2,Which mission established India as the first country to reach Mars orbit on its first attempt?,,,,,
isro_105,2,What is the name of the rover on Chandrayaan-3 and which ISRO centre built it?,,,,,
isro_106,2,Which ISRO centre is responsible for developing satellite payloads?,,,,,
isro_107,2,What launch vehicle was used for Aditya-L1 and what orbit did it achieve?,,,,,
isro_108,2,Which ISRO mission used the Vikram lander and what was its fate?,,,,,
isro_109,2,What is the connection between GSAT-11 and broadband internet in India?,,,,,
isro_110,2,Which ISRO mission and payload first confirmed water ice at the lunar south pole?,,,,,
isro_161,3,How many years after Chandrayaan-1 was Chandrayaan-2 launched?,,,,,
isro_162,3,Which came first -- Mangalyaan or Chandrayaan-2?,,,,,
isro_163,3,How many years did it take from ISRO's establishment to India's first Mars mission?,,,,,
isro_164,3,How many years between India's first satellite Aryabhata and first Moon mission Chandrayaan-1?,,,,,
isro_165,3,Was Aditya-L1 launched before or after Chandrayaan-3 landed on the Moon?,,,,,
isro_166,3,How long did Mangalyaan operate beyond its designed mission life of 6 months?,,,,,
isro_167,3,Which was launched first -- GSLV Mk III-D1 or PSLV-C37?,,,,,
isro_169,3,How many years passed between India's first successful GSLV flight and the first GSLV Mk III flight?,,,,,
isro_170,3,Was Chandrayaan-3 launched before or after India's 75th Independence Day?,,,,,
isro_172,3,How many years after Aryabhata did India launch its first remote sensing satellite IRS-1A?,,,,,
