system,id,tier,retrieval_latency_ms,context_tokens,rss_delta_mb
bm25_llm,isro_002,1,10099.4755,2041,
bm25_llm,isro_003,1,7376.5421,2318,
bm25_llm,isro_004,1,7924.8866,2167,
bm25_llm,isro_005,1,7773.3795,2295,
bm25_llm,isro_101,2,7898.7955,2335,
bm25_llm,isro_102,2,8475.9656,2560,
bm25_llm,isro_103,2,8318.726,2560,
bm25_llm,isro_104,2,8651.8305,2473,
bm25_llm,isro_161,3,8073.9094,2406,
bm25_llm,isro_162,3,8505.712,2400,
bm25_llm,isro_163,3,9067.5939,2487,
bm25_llm,isro_164,3,8607.776,2508,
vanilla_rag,isro_002,1,2768630.0162,748,
vanilla_rag,isro_003,1,57.2016,795,
vanilla_rag,isro_004,1,39.656,1003,
vanilla_rag,isro_005,1,38.9996,1157,
vanilla_rag,isro_101,2,29.93,1168,
vanilla_rag,isro_102,2,25.9985,1351,
vanilla_rag,isro_103,2,26.2486,1351,
vanilla_rag,isro_104,2,27.1274,808,
vanilla_rag,isro_161,3,26.8598,1244,
vanilla_rag,isro_162,3,26.6121,1382,
vanilla_rag,isro_163,3,28.0505,1379,
vanilla_rag,isro_164,3,27.4124,856,
kg_rag,isro_002,1,359701.4216,528,
kg_rag,isro_003,1,3145.2072,830,
kg_rag,isro_004,1,2487.8053,1003,
kg_rag,isro_005,1,2350.918,1157,
kg_rag,isro_101,2,2451.3671,1168,
kg_rag,isro_102,2,2554.5318,1500,
kg_rag,isro_103,2,2482.5395,1500,
kg_rag,isro_104,2,2438.8884,908,
kg_rag,isro_161,3,2363.3836,1266,
kg_rag,isro_162,3,2381.8775,1382,
kg_rag,isro_163,3,3079.9603,1379,
kg_rag,isro_164,3,2739.5759,856,
