question_id,question,reference_answer,acceptable_answers,evidence_pack,candidate_A,candidate_B,candidate_C,A_correctness,B_correctness,C_correctness,A_completeness,B_completeness,C_completeness,A_groundedness,B_groundedness,C_groundedness,A_relevance,B_relevance,C_relevance,A_unsupported_claim,B_unsupported_claim,C_unsupported_claim
rakg_001,What does a payload carried by Chandrayaan-3 observes?,Moon,Moon,"SUPPORTING FACTS:
- Chandrayaan-3 -> HAS_PAYLOAD -> Alpha Particle X-Ray Spectrometer (APXS)
- Alpha Particle X-Ray Spectrometer (APXS) -> OBSERVES -> Moon

SOURCE TEXT:
[ISRO_CY3_DETAILS] Table columns — Sl No.: 3. | Parameter: Science Payloads | Specifications: Lander: Radio Anatomy of Moon Bound Hypersensitive ionosphere and Atmosphere (RAMBHA) Chandra’s Surface Thermo physical Experiment (ChaSTE) Instrument for Lunar Seismic Activity (ILSA) Laser Retroreflector Array (LRA) Rover: Alpha Particle X-Ray Spectrometer (APXS) Laser Induced Breakdown Spectroscope (LIBS) Propulsion Module: Spectro-polarimetry of HAbitable Planet Earth (SHAPE)
[ISRO_CY3_DETAILS] Table columns — Sl. No: 2. | Rover Payloads: Alpha Particle X-ray Spectrometer (APXS) | Objectives: To determine the elemental composition (Mg, Al, Si, K, Ca,Ti, Fe) of Lunar soil and rocks around the lunar landing site.","The payload carried by Chandrayaan-3 observes the Moon and Earth.

The payloads carried by Chandrayaan-3 include:

* Alpha Particle X-Ray Spectrometer (APXS)
* Laser Induced Breakdown Spectroscope (LIBS)
* Laser Retroreflector Array (LRA)
* Radio Anatomy of Moon Bound Hypersensitive ionosphere and Atmosphere (RAMBHA)
* Chandra's Surface Thermo physical Experiment (ChaSTE)
* Instrument for Lunar Seismic Activity (ILSA)
* Spectro-polarimetry of",A payload carried by Chandrayaan-3 observes lunar soil.,The payload carried by Chandrayaan-3 observes the Moon by remote sensing and in-situ techniques.,,,,,,,,,,,,,,,
rakg_007,Which organization developed a payload carried by AstroSat?,Tata Institute of Fundamental Research (TIFR),Tata Institute of Fundamental Research (TIFR),"SUPPORTING FACTS:
- AstroSat -> HAS_PAYLOAD -> Cadmium-Zinc-Telluride Imager (CZTI)
- Cadmium-Zinc-Telluride Imager (CZTI) -> DEVELOPED_BY -> Tata Institute of Fundamental Research (TIFR)

SOURCE TEXT:
[ISRO_ASTROSAT_DETAILS] Ultra Violet Imaging Telescope (UVIT), developed by IIA, consist of two identical telescopes of aperture 380 mm. One telescope covers FUV (130–180 nm) band and the other covers NUV (200–300 nm) and visible band (320–550 nm). The hyperbolic mirrors are super polished. Large Area X-ray Proportional Counter (LAXPC), developed by TIFR has three identical gas detectors. LAXPC has a total effective area of 8000 cm2. Cadmium–Zinc–Telluride Imager (CZTI), developed by TIFR works in 20–100 keV. The imaging capability is achieved with coded mask. CZTI also has the capability of making X-ray polarization measurements. Soft X-ray Telescope (SXT), developed by TIFR, uses X-ray reflecting mirrors and an X-ray CCD for imaging and spectral studies in 0.3–8 keV. Scanning Sky Monitor (SSM) developed by ISRO is an all sky monitor for detecting and monitoring transient sources and for follow-up studies of known X-ray sources in 2.5–10 keV region. AstroSat carried several firsts to its credit. UVIT has the highest angular resolution of 1.5 arc sec which is 3 times better than the next best UV telescope (GALEX-Galaxy evolution explorer) operational today. LAXPC has the highest collecting area in comparison to any other X-ray detector till today. CZTI possesses a unique capability of measuring X-ray polarization and also acts as an open detector beyond 100 keV AstroSat data has produced several discoveries and interesting results, for example discovery of UV photons from redshift of 1.42, solving the puzzle of a cosmic source which is bright both in IR and UV, discovery of X-ray polarization from off pulse region of Crab pulsar to name a few AstroSat has produced more than of 275 articles in refereed journals and more than 500 GCN circular, Astronomer’s telegram and conference proceedings as of Sept, 2022. AstroSat is operated as an observatory class telescope. The observations time is open to national and international users. The call for proposals is usually issued once in a year during the first quarter of the calendar year.Currently, AstroSat has close to 2000 registered users from 54 countries.
[ISRO_ASTROSAT_DETAILS] Ultra Violet Imaging Telescope (UVIT), developed by IIA, consist of two identical telescopes of aperture 380 mm. One telescope covers FUV (130–180 nm) band and the other covers NUV (200–300 nm) and visible band (320–550 nm). The hyperbolic mirrors are super polished. Large Area X-ray Proportional Counter (LAXPC), developed by TIFR has three identical gas detectors. LAXPC has a total effective area of 8000 cm2. Cadmium–Zinc–Telluride Imager (CZTI), developed by TIFR works in 20–100 keV. The imaging capability is achieved with coded mask. CZTI also has the capability of making X-ray polarization measurements. Soft X-ray Telescope (SXT), developed by TIFR, uses X-ray reflecting mirrors and an X-ray CCD for imaging and spectral studies in 0.3–8 keV. Scanning Sky Monitor (SSM) developed by ISRO is an all sky monitor for detecting and monitoring transient sources and for follow-up studies of known X-ray sources in 2.5–10 keV region. AstroSat carried several firsts to its credit. UVIT has the highest angular resolution of 1.5 arc sec which is 3 times better than the next best UV telescope (GALEX-Galaxy evolution explorer) operational today. LAXPC has the highest collecting area in comparison to any other X-ray detector till today. CZTI possesses a unique capability of measuring X-ray polarization and also acts as an open detector beyond 100 keV AstroSat data has produced several discoveries and interesting results, for example discovery of UV photons from redshift of 1.42, solving the puzzle of a cosmic source which is bright both in IR and UV, discovery of X-ray polarization from off pulse region of Crab pulsar to name a few AstroSat has produced more than of 275 articles in refereed journals and more than 500 GCN circular, Astronomer’s telegram and conference proceedings as of Sept, 2022. AstroSat is operated as an observatory class telescope. The observations time is open to national and international users. The call for proposals is usually issued once in a year during the first quarter of the calendar year.Currently, AstroSat has close to 2000 registered users from 54 countries.",The Indian Space Research Organization (ISRO) developed a payload carried by AstroSat.,The organization that developed a payload carried by AstroSat is Tata Institute of Fundamental Research (TIFR).,I don't know.,,,,,,,,,,,,,,,
rakg_015,Which organization developed Sub keV Atom Reflecting Analyzer (SARA)?,ESA,ESA,"SUPPORTING FACTS:
- Sub keV Atom Reflecting Analyzer (SARA) -> DEVELOPED_BY -> ESA

SOURCE TEXT:
[ISSDC_CY1_PAYLOADS] Chandrayaan-1 had five indigenously developed core payload/ experiments : TMC, HySI, LLRI and HEX and a Moon Impact Probe (MIP) to impact on a predetermined location on the lunar surface.  Terrain Mapping stereo Camera (TMC) in the panchromatic band, having 5 m spatial resolution and 20 km swath.  Hyper Spectral Imaging camera (HySI) operating in 400 -950 nm band with a spectral resolution of 15 nm and spatial resolution of 80 m with a swath o f 20 km.  Lunar Laser Ranging Instrument (LLRI) with height resolution of less than 5 m  High Energy X -ray spectrometer (HEX) using Cadmium -Zinc-Telluride (CdZnTe) detector in the 30 -270 keV energy region with spatial resolution of 33 km.  Moon Impact Probe (MIP) as piggyback payload on the main orbiter of the Chandrayaan-1 spacecraft, which will impact on the surface of the Moon. Apart from the above indigenous payloads/experiments, ISRO solicited proposals through an Announcement of Opportunity (AO) from In ternational and Indian Scientific Community for participating in the mission by providing suitable scientific payloads, complementing the overall Chandrayaan -1 scientific objectives. Out of the proposals received, six experiments were selected for inclusio n in Chandrayaan -1 mission; two of the AO payloads, C1XS and SARA are developed by ESA jointly with ISRO.  Chandrayaan-1 X-ray Spectrometer (C1XS) through ESA - collaboration between Rutherford Appleton Laboratory, UK and ISRO Satellite Centre, ISRO. Part of this payload is redesigned by ISRO to suit Chandrayaan-1 scientific objectives.  Near Infra-Red spectrometer (SIR-2) from Max Plank Institute, Lindau, Germany through ESA.  Sub keV Atom Reflecting Analyser (SARA) through ESA, collaboration between Swedish Institute of Space Physics, Sweden and Space Physics Laboratory, Vikram Sarabhai Space Centre, ISRO. The Data Processing Unit of this payload/ experiment is designed and developed by ISRO, while Swedish Institute of Space Physics has developed the payload sensor.  Radiation Dose Monitor Experiment (RADOM) from Bulgarian Academy of Sciences.  Miniature Synthetic Aperture Radar (Mini-SAR) from Applied Physics Laboratory, Johns Hopkins University and Naval Air Warfare Centre, USA through NASA.",I don't know.,"QUESTION:
Which organization developed Sub keV Atom Reflecting Analyzer (SARA)?

ANSWER (based only on the context above):

The organization that developed Sub keV Atom Reflecting Analyzer (SARA) is the European Space Agency (ESA).","The Sub keV Atom Reflecting Analyzer (SARA) was developed by the European Space Agency (ESA), in collaboration with the Swedish Institute of Space Physics and the Space Physics Laboratory of the Vikram Sarabhai Space Centre in India.",,,,,,,,,,,,,,,
rakg_018,Where was Chandrayaan-1 launched from?,"Satish Dhawan Space Centre SHAR, Sriharikota","Satish Dhawan Space Centre SHAR, Sriharikota","SUPPORTING FACTS:
- Chandrayaan-1 -> LAUNCHED_FROM -> Satish Dhawan Space Centre SHAR, Sriharikota

SOURCE TEXT:
[ISRO_LAUNCH_ARCHIVE] 27 | PSLV-C11 /Chandrayaan-1 | Oct 22, 2008 | PSLV-XL | Chandrayaan-1","QUESTION:
Where was Chandrayaan-1 launched from?

ANSWER (based only on the context above): Chandrayaan-1 was launched from Satish Dhawan Space Centre SHAR, Sriharikota.","Chandrayaan-1 was launched from Satish Dhawan Space Centre SHAR, Sriharikota.","Chandrayaan-1 was launched from SDSC SHAR, Sriharikota.",,,,,,,,,,,,,,,
rakg_019,Where was Aditya-L1 launched from?,"Satish Dhawan Space Centre SHAR, Sriharikota","Satish Dhawan Space Centre SHAR, Sriharikota","SUPPORTING FACTS:
- Aditya-L1 -> LAUNCHED_FROM -> Satish Dhawan Space Centre SHAR, Sriharikota

SOURCE TEXT:
[ISRO_LAUNCH_ARCHIVE] 94 | PSLV-C57/Aditya-L1 Mission | Sep 02, 2023 | PSLV-XL | Aditya-L1 payloads","Aditya-L1 was launched from Satish Dhawan Space Centre SHAR, Sriharikota.","Aditya-L1 was launched from Satish Dhawan Space Centre SHAR, Sriharikota.","Aditya-L1 was launched from SDSC SHAR (Sriharsha Space Centre, Shriharsha, Andhra Pradesh, India).",,,,,,,,,,,,,,,
rakg_022,Which organization developed a payload carried by AstroSat?,Tata Institute of Fundamental Research (TIFR),Tata Institute of Fundamental Research (TIFR),"SUPPORTING FACTS:
- AstroSat -> HAS_PAYLOAD -> Large Area X-ray Proportional Counter (LAXPC)
- Large Area X-ray Proportional Counter (LAXPC) -> DEVELOPED_BY -> Tata Institute of Fundamental Research (TIFR)

SOURCE TEXT:
[ISRO_ASTROSAT_DETAILS] Ultra Violet Imaging Telescope (UVIT), developed by IIA, consist of two identical telescopes of aperture 380 mm. One telescope covers FUV (130–180 nm) band and the other covers NUV (200–300 nm) and visible band (320–550 nm). The hyperbolic mirrors are super polished. Large Area X-ray Proportional Counter (LAXPC), developed by TIFR has three identical gas detectors. LAXPC has a total effective area of 8000 cm2. Cadmium–Zinc–Telluride Imager (CZTI), developed by TIFR works in 20–100 keV. The imaging capability is achieved with coded mask. CZTI also has the capability of making X-ray polarization measurements. Soft X-ray Telescope (SXT), developed by TIFR, uses X-ray reflecting mirrors and an X-ray CCD for imaging and spectral studies in 0.3–8 keV. Scanning Sky Monitor (SSM) developed by ISRO is an all sky monitor for detecting and monitoring transient sources and for follow-up studies of known X-ray sources in 2.5–10 keV region. AstroSat carried several firsts to its credit. UVIT has the highest angular resolution of 1.5 arc sec which is 3 times better than the next best UV telescope (GALEX-Galaxy evolution explorer) operational today. LAXPC has the highest collecting area in comparison to any other X-ray detector till today. CZTI possesses a unique capability of measuring X-ray polarization and also acts as an open detector beyond 100 keV AstroSat data has produced several discoveries and interesting results, for example discovery of UV photons from redshift of 1.42, solving the puzzle of a cosmic source which is bright both in IR and UV, discovery of X-ray polarization from off pulse region of Crab pulsar to name a few AstroSat has produced more than of 275 articles in refereed journals and more than 500 GCN circular, Astronomer’s telegram and conference proceedings as of Sept, 2022. AstroSat is operated as an observatory class telescope. The observations time is open to national and international users. The call for proposals is usually issued once in a year during the first quarter of the calendar year.Currently, AstroSat has close to 2000 registered users from 54 countries.
[ISRO_ASTROSAT_DETAILS] Ultra Violet Imaging Telescope (UVIT), developed by IIA, consist of two identical telescopes of aperture 380 mm. One telescope covers FUV (130–180 nm) band and the other covers NUV (200–300 nm) and visible band (320–550 nm). The hyperbolic mirrors are super polished. Large Area X-ray Proportional Counter (LAXPC), developed by TIFR has three identical gas detectors. LAXPC has a total effective area of 8000 cm2. Cadmium–Zinc–Telluride Imager (CZTI), developed by TIFR works in 20–100 keV. The imaging capability is achieved with coded mask. CZTI also has the capability of making X-ray polarization measurements. Soft X-ray Telescope (SXT), developed by TIFR, uses X-ray reflecting mirrors and an X-ray CCD for imaging and spectral studies in 0.3–8 keV. Scanning Sky Monitor (SSM) developed by ISRO is an all sky monitor for detecting and monitoring transient sources and for follow-up studies of known X-ray sources in 2.5–10 keV region. AstroSat carried several firsts to its credit. UVIT has the highest angular resolution of 1.5 arc sec which is 3 times better than the next best UV telescope (GALEX-Galaxy evolution explorer) operational today. LAXPC has the highest collecting area in comparison to any other X-ray detector till today. CZTI possesses a unique capability of measuring X-ray polarization and also acts as an open detector beyond 100 keV AstroSat data has produced several discoveries and interesting results, for example discovery of UV photons from redshift of 1.42, solving the puzzle of a cosmic source which is bright both in IR and UV, discovery of X-ray polarization from off pulse region of Crab pulsar to name a few AstroSat has produced more than of 275 articles in refereed journals and more than 500 GCN circular, Astronomer’s telegram and conference proceedings as of Sept, 2022. AstroSat is operated as an observatory class telescope. The observations time is open to national and international users. The call for proposals is usually issued once in a year during the first quarter of the calendar year.Currently, AstroSat has close to 2000 registered users from 54 countries.",The organization that developed a payload carried by AstroSat is Tata Institute of Fundamental Research (TIFR).,I don't know.,The Indian Space Research Organization (ISRO) developed a payload carried by AstroSat.,,,,,,,,,,,,,,,
rakg_023,Which organization developed a payload carried by Aditya-L1?,Vikram Sarabhai Space Centre (VSSC),Vikram Sarabhai Space Centre (VSSC),"SUPPORTING FACTS:
- Aditya-L1 -> HAS_PAYLOAD -> Plasma Analyser Package For Aditya (PAPA)
- Plasma Analyser Package For Aditya (PAPA) -> DEVELOPED_BY -> Vikram Sarabhai Space Centre (VSSC)

SOURCE TEXT:
[ISRO_ADITYA_OVERVIEW] 6 | Plasma Analyser Package For Aditya (PAPA) | Solar wind/Particle Analyzer Electrons & Heavier Ions with directions
[ISSDC_ADITYA_BOOKLET] Aditya Solar wind Particle EXperiment and Plasma Analyser Package for Aditya payloads are designed to study the solar wind and energetic ions, as well as their energy distribution. ASPEX PAPA ASPEX is developed at Physical Research Laboratory, Ahmedabad. PAPA is developed at Space Physics Laboratory, Vikram Sarabhai Space Centre, Thiruvananthapuram.","The Physical Research Laboratory (PRL) developed the Aditya Solar wind Particle Experiment (ASPEX), which is a payload carried by Aditya-L1.",The payloads carried by Aditya-L1 were developed by ISRO and two Indian academic institutes in collaboration with ISRO.,The organization that developed a payload carried by Aditya-L1 is the Physical Research Laboratory (PRL).,,,,,,,,,,,,,,,
rakg_027,Which launch vehicle launched Chandrayaan-1?,PSLV-C11,PSLV-C11,"SUPPORTING FACTS:
- Chandrayaan-1 -> LAUNCHED_BY -> PSLV-C11

SOURCE TEXT:
[ISRO_LAUNCH_ARCHIVE] 27 | PSLV-C11 /Chandrayaan-1 | Oct 22, 2008 | PSLV-XL | Chandrayaan-1",The launch vehicle that launched Chandrayaan-1 is PSLV-C11.,The launch vehicle that launched Chandrayaan-1 is PSLV-C11.,The launch vehicle that launched Chandrayaan-1 was PSLV-C11.,,,,,,,,,,,,,,,
rakg_029,Which organization developed Visible Emission Line Coronagraph (VELC)?,Indian Institute of Astrophysics (IIA),Indian Institute of Astrophysics (IIA),"SUPPORTING FACTS:
- Visible Emission Line Coronagraph (VELC) -> DEVELOPED_BY -> Indian Institute of Astrophysics (IIA)

SOURCE TEXT:
[ISSDC_ADITYA_BOOKLET] Visible Emission Line Coronagraph is designed to study solar corona and dynamics of coronal mass ejections. The payload is developed by Indian Institute of Astrophysics, Bengaluru in close collaboration with ISRO.",The Indian Institute of Astrophysics (IIA) developed Visible Emission Line Coronagraph (VELC).,"The Visible Emission Line Coronagraph (VELC) was developed by the Indian Institute of Astrophysics, Bengaluru in close collaboration with ISRO.",The Visible Emission Line Coronagraph (VELC) was developed by the Indian Institute of Astrophysics (IIA).,,,,,,,,,,,,,,,
rakg_032,Which organization developed Ultra Violet Imaging Telescope (UVIT)?,Indian Institute of Astrophysics (IIA),Indian Institute of Astrophysics (IIA),"SUPPORTING FACTS:
- Ultra Violet Imaging Telescope (UVIT) -> DEVELOPED_BY -> Indian Institute of Astrophysics (IIA)

SOURCE TEXT:
[ISRO_ASTROSAT_DETAILS] Ultra Violet Imaging Telescope (UVIT), developed by IIA, consist of two identical telescopes of aperture 380 mm. One telescope covers FUV (130–180 nm) band and the other covers NUV (200–300 nm) and visible band (320–550 nm). The hyperbolic mirrors are super polished. Large Area X-ray Proportional Counter (LAXPC), developed by TIFR has three identical gas detectors. LAXPC has a total effective area of 8000 cm2. Cadmium–Zinc–Telluride Imager (CZTI), developed by TIFR works in 20–100 keV. The imaging capability is achieved with coded mask. CZTI also has the capability of making X-ray polarization measurements. Soft X-ray Telescope (SXT), developed by TIFR, uses X-ray reflecting mirrors and an X-ray CCD for imaging and spectral studies in 0.3–8 keV. Scanning Sky Monitor (SSM) developed by ISRO is an all sky monitor for detecting and monitoring transient sources and for follow-up studies of known X-ray sources in 2.5–10 keV region. AstroSat carried several firsts to its credit. UVIT has the highest angular resolution of 1.5 arc sec which is 3 times better than the next best UV telescope (GALEX-Galaxy evolution explorer) operational today. LAXPC has the highest collecting area in comparison to any other X-ray detector till today. CZTI possesses a unique capability of measuring X-ray polarization and also acts as an open detector beyond 100 keV AstroSat data has produced several discoveries and interesting results, for example discovery of UV photons from redshift of 1.42, solving the puzzle of a cosmic source which is bright both in IR and UV, discovery of X-ray polarization from off pulse region of Crab pulsar to name a few AstroSat has produced more than of 275 articles in refereed journals and more than 500 GCN circular, Astronomer’s telegram and conference proceedings as of Sept, 2022. AstroSat is operated as an observatory class telescope. The observations time is open to national and international users. The call for proposals is usually issued once in a year during the first quarter of the calendar year.Currently, AstroSat has close to 2000 registered users from 54 countries.",The Ultra Violet Imaging Telescope (UVIT) was developed by the Indian Institute of Astrophysics (IIA).,"The Ultra Violet Imaging Telescope (UVIT) was developed by teams from IIA, IUCAA, and TIFR from India, and CSA of Canada.","The Ultra Violet Imaging Telescope (UVIT) was developed by teams from the Indian Institute of Astrophysics (IIA), Indian University Centre for Astrophysics and Astronomy (IUCAA), and the Tata Institute of Fundamental Research (TIFR) from India, and the Canadian Space Agency (CSA).",,,,,,,,,,,,,,,
rakg_047,Which launch vehicle launched Chandrayaan-2?,GSLV-Mk III - M1,GSLV-Mk III - M1,"SUPPORTING FACTS:
- Chandrayaan-2 -> LAUNCHED_BY -> GSLV-Mk III - M1

SOURCE TEXT:
[ISRO_CY2_LAUNCH_DETAILS] Jul 22,2019 Back to ISRO Timeline India’s Geosynchronous Satellite Launch Vehicle, GSLV MkIII-M1, successfully launched Chandrayaan-2 spacecraft on July 22, 2019 into its planned orbit with a perigee (nearest point to Earth) of 169.7 km and an apogee (farthest point to Earth) of 45,475 km. The launch took place from the Second Launch Pad at Satish Dhawan Space Centre SHAR, Sriharikota. Chandrayaan-2 mission is a highly complex mission, which represents a significant technological leap compared to the previous missions of ISRO. It comprised an Orbiter, Lander and Rover to explore the unexplored South Pole of the Moon. The mission is designed to expand the lunar scientific knowledge through detailed study of topography, seismography, mineral identification and distribution, surface chemical composition, thermo-physical characteristics of top soil and composition of the tenuous lunar atmosphere, leading to a new understanding of the origin and evolution of the Moon. After the injection of Chandrayaan-2, a series of maneuvers were carried out to raise its orbit and on August 14, 2019, following Trans Lunar Insertion (TLI) maneuver, the spacecraft escaped from orbiting the earth and followed a path that took it to the vicinity of the Moon. On August 20, 2019, Chandrayaan-2 was successfully inserted into lunar orbit. While orbiting the moon in a 100 km lunar polar orbit, on September 02, 2019, Vikram Lander was separated from the Orbiter in preparation for landing. Subsequently, two de-orbit maneuvers were performed on Vikram Lander so as to change its orbit and begin circling the moon in a 100 km x 35 km orbit. Vikram Lander descent was as planned and normal performance was observed upto an altitude of 2.1 km. Subsequently communication from lander to the ground stations was lost. More Details",The launch vehicle that launched Chandrayaan-2 is GSLV-Mk III - M1.,The launch vehicle that launched Chandrayaan-2 is GSLV-Mk III - M1.,The launch vehicle that launched Chandrayaan-2 is GSLV MkIII-M1.,,,,,,,,,,,,,,,
rakg_050,Which organization developed Solar Ultraviolet Imaging Telescope (SUIT)?,Inter University Centre for Astronomy and Astrophysics (IUCAA),Inter University Centre for Astronomy and Astrophysics (IUCAA),"SUPPORTING FACTS:
- Solar Ultraviolet Imaging Telescope (SUIT) -> DEVELOPED_BY -> Inter University Centre for Astronomy and Astrophysics (IUCAA)

SOURCE TEXT:
[ISSDC_ADITYA_BOOKLET] Magnetometer payload is capable of measuring interplanetary magnetic ﬁelds at the L1 point. The payload is developed at Laboratory for Electro Optics Systems, Bengaluru. Solar Ultra-violet Imaging Telescope to image the Solar Photosphere and Chromosphere in near Ultra-violet (UV) and, to measure the solar irradiance variations in near UV . The payload is developed by Inter University Centre for Astronomy and Astrophysics, Pune in close collaboration with ISRO.","The Solar Ultraviolet Imaging Telescope (SUIT) was developed by the Inter-University Centre for Astronomy and Astrophysics (IUCAA), Pune.",The Solar Ultraviolet Imaging Telescope (SUIT) was developed by the Inter University Centre for Astronomy and Astrophysics (IUCAA).,The Solar Ultraviolet Imaging Telescope (SUIT) was developed by the Inter University Centre for Astronomy and Astrophysics (IUCAA).,,,,,,,,,,,,,,,
rakg_053,Which organization developed Sub keV Atom Reflecting Analyzer (SARA)?,Indian Space Research Organisation (ISRO),Indian Space Research Organisation (ISRO),"SUPPORTING FACTS:
- Sub keV Atom Reflecting Analyzer (SARA) -> DEVELOPED_BY -> Indian Space Research Organisation (ISRO)

SOURCE TEXT:
[ISSDC_CY1_PAYLOADS] Chandrayaan-1 had five indigenously developed core payload/ experiments : TMC, HySI, LLRI and HEX and a Moon Impact Probe (MIP) to impact on a predetermined location on the lunar surface.  Terrain Mapping stereo Camera (TMC) in the panchromatic band, having 5 m spatial resolution and 20 km swath.  Hyper Spectral Imaging camera (HySI) operating in 400 -950 nm band with a spectral resolution of 15 nm and spatial resolution of 80 m with a swath o f 20 km.  Lunar Laser Ranging Instrument (LLRI) with height resolution of less than 5 m  High Energy X -ray spectrometer (HEX) using Cadmium -Zinc-Telluride (CdZnTe) detector in the 30 -270 keV energy region with spatial resolution of 33 km.  Moon Impact Probe (MIP) as piggyback payload on the main orbiter of the Chandrayaan-1 spacecraft, which will impact on the surface of the Moon. Apart from the above indigenous payloads/experiments, ISRO solicited proposals through an Announcement of Opportunity (AO) from In ternational and Indian Scientific Community for participating in the mission by providing suitable scientific payloads, complementing the overall Chandrayaan -1 scientific objectives. Out of the proposals received, six experiments were selected for inclusio n in Chandrayaan -1 mission; two of the AO payloads, C1XS and SARA are developed by ESA jointly with ISRO.  Chandrayaan-1 X-ray Spectrometer (C1XS) through ESA - collaboration between Rutherford Appleton Laboratory, UK and ISRO Satellite Centre, ISRO. Part of this payload is redesigned by ISRO to suit Chandrayaan-1 scientific objectives.  Near Infra-Red spectrometer (SIR-2) from Max Plank Institute, Lindau, Germany through ESA.  Sub keV Atom Reflecting Analyser (SARA) through ESA, collaboration between Swedish Institute of Space Physics, Sweden and Space Physics Laboratory, Vikram Sarabhai Space Centre, ISRO. The Data Processing Unit of this payload/ experiment is designed and developed by ISRO, while Swedish Institute of Space Physics has developed the payload sensor.  Radiation Dose Monitor Experiment (RADOM) from Bulgarian Academy of Sciences.  Miniature Synthetic Aperture Radar (Mini-SAR) from Applied Physics Laboratory, Johns Hopkins University and Naval Air Warfare Centre, USA through NASA.",I don't know.,"The Sub keV Atom Reflecting Analyzer (SARA) was developed by the European Space Agency (ESA), in collaboration with the Swedish Institute of Space Physics and the Space Physics Laboratory of the Vikram Sarabhai Space Centre in India.","QUESTION:
Which organization developed Sub keV Atom Reflecting Analyzer (SARA)?

ANSWER (based only on the context above):

The organization that developed Sub keV Atom Reflecting Analyzer (SARA) is the European Space Agency (ESA).",,,,,,,,,,,,,,,
rakg_056,What does a payload carried by Chandrayaan-2 observes?,Moon,Moon,"SUPPORTING FACTS:
- Chandrayaan-2 -> HAS_PAYLOAD -> Alpha Particle X-ray Spectrometer (APXS)
- Alpha Particle X-ray Spectrometer (APXS) -> OBSERVES -> Moon

SOURCE TEXT:
[ISSDC_CY2_PAYLOADS] Alpha Particle X -ray Spectrometer (APXS) is a well proven instrument for in situ quantitative elemental analysis of planetary surfaces. The primary scientific objective of APXS is  To determine the elemental composition of the lunar surface in the regions surrounding the landing site. The technique is of X -ray fluorescence spectroscopy using in -situ excitation of surface by an X -ray or alpha particle source. For this purpose, APXS uses 244Cm
[ISSDC_CY2_PAYLOADS] Alpha Particle X -ray Spectrometer (APXS) is a well proven instrument for in situ quantitative elemental analysis of planetary surfaces. The primary scientific objective of APXS is  To determine the elemental composition of the lunar surface in the regions surrounding the landing site. The technique is of X -ray fluorescence spectroscopy using in -situ excitation of surface by an X -ray or alpha particle source. For this purpose, APXS uses 244Cm","A payload carried by Chandrayaan-2 observes various aspects of the lunar environment, including:

* Alpha Particle X-ray Spectrometer (APXS) observes the composition of rocks and soil on the lunar surface.
* Chandrayaan-2 Atmospheric Compositional Explorer-2 (CHACE-2) observes the composition of the lunar atmosphere.
* Chandra's Surface Thermo-physical Experiment (ChaSTE) observes the thermal properties of rocks and soil on the lunar surface.
* Chandrayaan-2 Large Area Soft X ray spectrometer (CLASS) observes the composition of rocks",The payloads carried by Chandrayaan-2 observe the Moon by remote sensing and in-situ techniques.,A payload carried by Chandrayaan-2 observes the lunar surface.,,,,,,,,,,,,,,,
rakg_058,Where was AstroSat launched from?,"Satish Dhawan Space Centre SHAR, Sriharikota","Satish Dhawan Space Centre SHAR, Sriharikota","SUPPORTING FACTS:
- AstroSat -> LAUNCHED_FROM -> Satish Dhawan Space Centre SHAR, Sriharikota

SOURCE TEXT:
[ISRO_LAUNCH_ARCHIVE] 49 | PSLV-C30/AstroSat MISSION | Sep 28, 2015 | PSLV-XL | Astrosat",I don't know.,"AstroSat was launched from the Satish Dhawan Space Centre SHAR, Sriharikota.","AstroSat was launched from Satish Dhawan Space Centre SHAR, Sriharikota.",,,,,,,,,,,,,,,
rakg_064,What is the objective of Instrument for Lunar Seismic Activity (ILSA)?,Characterize seismicity around the landing site.,Characterize seismicity around the landing site.,"SUPPORTING FACTS:
- Instrument for Lunar Seismic Activity (ILSA) -> HAS_OBJECTIVE -> Characterize seismicity around the landing site.

SOURCE TEXT:
[ISSDC_CY2_PAYLOADS] sensitive instrument (sub-micro gravity level) which can pick up ground displacement or velocity or acceleration is developed.  The primary objective of this payload is to characterise the seismicity around the landing site. ILSA will be kept ON during the entire mission life, of 1 lunar day, and it can sense artificial seismic activities such as the Rover movement from the ramp, drilling of thermal probe etc. ILSA is a three axis ME MS-based seismometer that can measure ground acceleration due to lunar quakes. The instrument is designed to resolve acceleration as low as 100 ng /µHz with a dynamic range of± 0.5 g and a bandwidth of 40 Hz. To meet the dynamic range, two sensors are use d: Coarse range sensor (± 160 µg to ± 0.5 g) and fine range sensor (± 0.7 µg to ± 400 µg). The output data will be in the form of ground acceleration which can be further processed to represent in terms of velocity or displacement.","The objective of Instrument for Lunar Seismic Activity (ILSA) is to measure seismicity around the landing site and delineate lunar crust and mantle structure.

SUPPORTED FACTS:

* KG FACT 1: Path: path:cy2-ilsa-objective, Entity: Instrument for Lunar Seismic Activity (ILSA), Relation: HAS_OBJECTIVE, Target: Characterize seismicity around the landing site.
* KG FACT 2: Path: path:cy3-ilsa-objective, Entity: Instrument for Lunar Seismic Activity (ILSA), Relation:",The objective of Instrument for Lunar Seismic Activity (ILSA) is to measure seismicity around the landing site and delineate the structure of the lunar crust and mantle.,"The objective of Instrument for Lunar Seismic Activity (ILSA) is to measure ground vibrations generated by natural quakes, impacts, and artificial events.",,,,,,,,,,,,,,,
rakg_065,What is the objective of Chandrayaan-I X-ray Spectrometer (CIXS)?,Map lunar elemental abundance using X-ray fluorescence spectrometry.,Map lunar elemental abundance using X-ray fluorescence spectrometry.,"SUPPORTING FACTS:
- Chandrayaan-I X-ray Spectrometer (CIXS) -> HAS_OBJECTIVE -> Map lunar elemental abundance using X-ray fluorescence spectrometry.

SOURCE TEXT:
[ISSDC_CY1_PAYLOADS] The primary goal of the C1XS instrument is to carry out high quality X -ray spectroscopic mapping of the Moon, in order to constr ain solutions to key questions on the origin and evolution of the Moon. C1XS will use X -ray fluorescence spectrometry (1.0 -10 keV) to measure the elemental abundance, and map the distribution, of the three main rock forming elements: Mg, Al and Si. During periods","The objective of Chandrayaan-I X-ray Spectrometer (CIXS) is to carry out high quality X-ray spectroscopic mapping of the Moon, in order to constrain solutions to key questions on the origin and evolution of the Moon. CIXS will use X-ray fluorescence spectrometry (1.0 -10 keV) to measure the elemental abundance, and map the distribution, of the three main rock forming elements: Mg, Al and Si. During periods with good energy resolution (< 250 keV[at]5[dot]9 keV) and fast spectral sampling at 16 s intervals.","The objective of Chandrayaan-1 X-ray Spectrometer (C1XS) is to analyze the lunar surface in various geological/mineralogical and topographical units, study the vertical variation in composition of crust, investigate the process of basin, maria and crater formation on the Moon, explore ""Space Weathering"" processes of the lunar surface, survey mineral lunar resources for future landing sites and exploration.",The objective of Chandrayaan-I X-ray Spectrometer (CIXS) is to map lunar elemental abundance using X-ray fluorescence spectrometry.,,,,,,,,,,,,,,,
rakg_066,Which organization developed High Energy L1 Orbiting X-ray Spectrometer (HEL1OS)?,U R Rao Satellite Centre (URSC),U R Rao Satellite Centre (URSC),"SUPPORTING FACTS:
- High Energy L1 Orbiting X-ray Spectrometer (HEL1OS) -> DEVELOPED_BY -> U R Rao Satellite Centre (URSC)

SOURCE TEXT:
[ISRO_ADITYA_OVERVIEW] 4 | High Energy L1 Orbiting X-ray Spectrometer(HEL1OS) | Hard X-ray spectrometer: Sun-as-a-star observation",The High Energy L1 Orbiting X-ray Spectrometer (HEL1OS) was developed by the U R Rao Satellite Centre (URSC).,The High Energy L1 Orbiting X-ray Spectrometer (HEL1OS) was developed by the Indian Space Research Organization (ISRO).,The High Energy L1 Orbiting X-ray Spectrometer (HEL1OS) was developed by the U R Rao Satellite Centre (URSC).,,,,,,,,,,,,,,,
rakg_067,What is the objective of Terrain Mapping Camera (TMC)?,Map the near and far sides of the Moon and prepare a three-dimensional lunar topographic atlas.,Map the near and far sides of the Moon and prepare a three-dimensional lunar topographic atlas.,"SUPPORTING FACTS:
- Terrain Mapping Camera (TMC) -> HAS_OBJECTIVE -> Map the near and far sides of the Moon and prepare a three-dimensional lunar topographic atlas.

SOURCE TEXT:
[ISSDC_CY1_PAYLOADS] The aim of TMC is to map topography of both near and far side of the Moon and prepare a 3 -dimensional atlas with high spatial and elevation resolution of 5 m. Such high resolution mapping of complete lunar surface will help to understand the evolution proc esses and allow detailed study of regions of scientific interests. The digital elevation model available from TMC along with the Lunar Laser Ranging Instrument (LLRI) on Chandrayaan -1 could improve upon the existing knowledge of Lunar Topography.",The objective of Terrain Mapping Camera (TMC) is to map the topography of both the near and far sides of the Moon and prepare a three-dimensional lunar topographic atlas.,The objective of Terrain Mapping Camera (TMC) is to map the lunar surface in the panchromatic spectral band (0.5-0.8 microns) with a high spatial resolution of 5 m and a swath of 20 km from 100 km lunar polar orbit. The data collected by TMC will give us clues about the Moon's evolution and help us prepare 3D maps of the lunar surface.,The objective of Terrain Mapping Camera (TMC) is to map the near and far sides of the Moon and prepare a three-dimensional lunar topographic atlas.,,,,,,,,,,,,,,,
rakg_072,What is the objective of Chandrayaan-2 Large Area Soft X ray spectrometer (CLASS)?,Map major-element abundance on the lunar surface.,Map major-element abundance on the lunar surface.,"SUPPORTING FACTS:
- Chandrayaan-2 Large Area Soft X ray spectrometer (CLASS) -> HAS_OBJECTIVE -> Map major-element abundance on the lunar surface.

SOURCE TEXT:
[ISSDC_CY2_PAYLOADS] Chandrayaan-2 Large Area Soft X ray spectrometer (CLASS) CLASS aims to measure the X -ray Fluorescence (XRF) spectra for deriving the elemental abundance on the lunar surface. This is an indigenous version of Chandrayaan-1 X-ray Spectrometer (C1XS) payload with a larger collection area. The primary objectives of CLASS are:  To map the abundance of major elements (Mg, Al, Si, Ca, Ti, Fe, Na) at tens of km scales on the lunar surface.  To search for Particle Induced X -ray Emission (PIXE) during the passage of Orbiter through the geotail, once a month around full moon. The payloa d consists of sixteen Swept Charge Devices (SCDs) of a total area 64 cm2 arranged in four quadrants. Gold coated copper collimators define the field of view (FOV). CLASS flight model 16 detectors with collimators arranged in four quadrants",The objective of Chandrayaan-2 Large Area Soft X ray spectrometer (CLASS) is to map major-element abundance on the lunar surface.,"The objective of Chandrayaan-2 Large Area Soft X ray spectrometer (CLASS) is to measure the X-ray Fluorescence (XRF) spectra for deriving the elemental abundance on the lunar surface. This is an indigenous version of Chandrayaan-1 X-ray Spectrometer (C1XS) payload with a larger collection area. The primary objectives of CLASS are to map the abundance of major elements (Mg, Al, Si, Ca, Ti, Fe, Na) at tens of km scales on the lunar surface and to search for Particle Induced X-ray Emission (PIXE) during the passage of Orbiter through the",The objective of Chandrayaan-2 Large Area Soft X-ray spectrometer (CLASS) is to study the lunar surface composition and its variability.,,,,,,,,,,,,,,,
