question_id,question,category,answerable,unanswerable_reason,expected_behavior
unans_001,"What is the exact mass of the scientific payload on China's Chang'e-6 lunar far-side lander?","Completely absent fact",False,"Foreign space mission (CNSA) whose technical payload mass is completely absent from the ISRO corpus.","Abstain (I don't know)"
unans_002,"Who was the lead propulsion engineer for the ESA Rosetta comet lander Philae?","Completely absent fact",False,"European Space Agency mission personnel not documented in the ISRO documentation corpus.","Abstain (I don't know)"
unans_003,"What was the total fuel capacity of NASA's Cassini spacecraft when entering Saturn's orbit?","Completely absent fact",False,"NASA Saturn mission specification absent from ISRO corpus.","Abstain (I don't know)"
unans_004,"What is the focal length of the high-resolution camera on the UAE Hope Mars orbiter?","Completely absent fact",False,"UAE space agency Martian mission payload details absent from ISRO corpus.","Abstain (I don't know)"
unans_005,"What battery chemistry was utilized on JAXA's Hayabusa2 sample capsule?","Completely absent fact",False,"JAXA asteroid sample return engineering details absent from ISRO documentation.","Abstain (I don't know)"
unans_006,"What was the operating frequency of the telemetry downlink on the Soviet Luna 24 probe?","Completely absent fact",False,"Historic Soviet lunar mission communication frequency absent from ISRO corpus.","Abstain (I don't know)"
unans_007,"What was the retail price in USD of the titanium structural fasteners on SpaceX Falcon Heavy Flight 1?","Completely absent fact",False,"Commercial SpaceX procurement cost data completely absent from ISRO corpus.","Abstain (I don't know)"
unans_008,"What was the atmospheric entry temperature recorded by NASA's Galileo Jupiter atmospheric probe?","Completely absent fact",False,"NASA Jupiter atmospheric entry measurements absent from ISRO corpus.","Abstain (I don't know)"
unans_009,"Was Dr. K. Sivan the mission director for ISRO's Aryabhata satellite launch in 1975?","Related entity but absent relationship",False,"Both Dr. K. Sivan and Aryabhata exist in corpus, but Sivan was not the mission director for Aryabhata in 1975.","Abstain (I don't know)"
unans_010,"Did the PSLV-C37 rocket carry and deploy the Chandrayaan-3 Vikram lander into translunar trajectory?","Related entity but absent relationship",False,"PSLV-C37 (104 satellites) and Vikram lander exist in corpus, but PSLV-C37 did not launch Chandrayaan-3 (LVM3 did).","Abstain (I don't know)"
unans_011,"Did Prof. U. R. Rao serve as the spacecraft designer for the SSLV-D1 demonstration launch?","Related entity but absent relationship",False,"Prof. U. R. Rao and SSLV-D1 are both in ISRO history/records, but Rao passed away in 2017 before SSLV was designed.","Abstain (I don't know)"
unans_012,"Was the SUIT telescope payload on Aditya-L1 mounted on the Mangalyaan Mars orbiter bus?","Related entity but absent relationship",False,"SUIT and Mangalyaan are both in corpus, but SUIT is exclusively an Aditya-L1 solar payload.","Abstain (I don't know)"
unans_013,"Did the Vikram Sarabhai Space Centre (VSSC) manufacture the cryogenic propellant tanks for NASA's Apollo 11 Saturn V?","Related entity but absent relationship",False,"VSSC is an ISRO center, but had zero manufacturing relationship with Apollo 11.","Abstain (I don't know)"
unans_014,"Was the Pragyan rover from Chandrayaan-3 deployed on the Martian surface by the MOM orbiter?","Related entity but absent relationship",False,"Pragyan and MOM are ISRO assets, but Pragyan landed on the Moon, not Mars.","Abstain (I don't know)"
unans_015,"Did S. Somanath personally pilot the RLV-TD reusable launch vehicle during its landing test?","Related entity but absent relationship",False,"RLV-TD is an autonomous unmanned test vehicle; Chairman Somanath did not pilot it.","Abstain (I don't know)"
unans_016,"Did the Cartosat-3 satellite carry an atmospheric sounder payload designed for Venusian cloud analysis?","Related entity but absent relationship",False,"Cartosat-3 is an Earth observation satellite; it carries no Venusian atmospheric sounder.","Abstain (I don't know)"
unans_017,"What were the exact landing coordinates for the soft landing of Chandrayaan-1 on the lunar south pole?","Similar entity with misleading evidence",False,"Misleading premise: Chandrayaan-1 was an orbiter with an impact probe (MIP), not a soft landing mission.","Abstain (I don't know)"
unans_018,"At what altitude did the Mangalyaan lander touch down on the Martian surface?","Similar entity with misleading evidence",False,"Misleading premise: Mars Orbiter Mission (Mangalyaan) was strictly an orbiter without a lander.","Abstain (I don't know)"
unans_019,"What was the name of the lunar rover deployed by the Chandrayaan-2 Vikram lander after soft landing?","Similar entity with misleading evidence",False,"Misleading premise: Chandrayaan-2 Vikram lander hard-landed/crashed; Pragyan rover was never deployed.","Abstain (I don't know)"
unans_020,"How many human astronauts were inside the crew module during the Gaganyaan TV-D1 abort flight test?","Similar entity with misleading evidence",False,"Misleading premise: TV-D1 was an uncrewed flight test with zero human astronauts.","Abstain (I don't know)"
unans_021,"Which solar flare class was directly measured by the XSM payload on Chandrayaan-1 during its landing on Mars?","Similar entity with misleading evidence",False,"Misleading blend: Chandrayaan-1 orbited the Moon, never went to Mars, and XSM was on Chandrayaan-2.","Abstain (I don't know)"
unans_022,"What was the parachute deployment velocity for the Aditya-L1 atmospheric re-entry capsule upon returning to Earth?","Similar entity with misleading evidence",False,"Misleading premise: Aditya-L1 remains permanently in halo orbit around Sun-Earth L1 and has no re-entry capsule.","Abstain (I don't know)"
unans_023,"How many orbital dockings did the GSAT-30 communications satellite perform with the International Space Station?","Similar entity with misleading evidence",False,"Misleading premise: GSAT-30 is a geostationary communications satellite, not a docking spacecraft.","Abstain (I don't know)"
unans_024,"What was the tire pressure of the Pragyan rover wheels during its transit in the launch vehicle fairing?","Similar entity with misleading evidence",False,"Misleading premise: Pragyan utilizes rigid metallic cleated wheels, not pneumatic tires.","Abstain (I don't know)"
unans_025,"On what date in the year 2045 will Aditya-L1 officially complete its extended mission and be decommissioned?","Temporal fact absent from corpus",False,"Future decommissioning date in 2045 does not exist in ISRO corpus.","Abstain (I don't know)"
unans_026,"At what exact microsecond of UTC time did the PSLV-C25 fourth stage ignite during the MOM launch?","Temporal fact absent from corpus",False,"Microsecond-level staging timestamp is not documented in public ISRO documents.","Abstain (I don't know)"
unans_027,"In which exact month and day of 1961 was the first meeting between Vikram Sarabhai and APJ Abdul Kalam held?","Temporal fact absent from corpus",False,"Specific day and month of the 1961 initial meeting is absent from the corpus.","Abstain (I don't know)"
unans_028,"What was the exact sunset time in seconds at the Vikram lander coordinates on lunar day 14 of Chandrayaan-3?","Temporal fact absent from corpus",False,"Precise second-level lunar sunset time at landing site is absent from corpus.","Abstain (I don't know)"
unans_029,"On what exact date was the first wooden blueprint for the SLV-3 third stage drafted?","Temporal fact absent from corpus",False,"Specific drafting calendar date for historical SLV-3 blueprint absent from documents.","Abstain (I don't know)"
unans_030,"When will the Chandrayaan-4 sample return mission touch down back on Earth at the exact hour and minute?","Temporal fact absent from corpus",False,"Future landing schedule for planned Chandrayaan-4 is not yet fixed or present in corpus.","Abstain (I don't know)"
unans_031,"What was the exact date and minute when the Aryabhata satellite entered Earth's atmosphere for re-entry decay?","Temporal fact absent from corpus",False,"Exact minute-level decay timestamp for Aryabhata in 1992 is absent from public ISRO text.","Abstain (I don't know)"
unans_032,"At what exact local time did the second solar panel wing of INSAT-4CR deploy in orbit?","Temporal fact absent from corpus",False,"Sub-orbital panel deployment operational timestamp absent from ISRO corpus.","Abstain (I don't know)"
unans_033,"What brand of synthetic cryogenic lubricant is used in the main turbopump bearings of the CE-20 engine?","Plausible but unsupported question",False,"Proprietary commercial brand of bearing lubricant is not disclosed in ISRO public documentation.","Abstain (I don't know)"
unans_034,"What is the exact serial number on the optical prism inside the Chandrayaan-2 CLASS spectrometer?","Plausible but unsupported question",False,"Component-level optical prism serial number is an internal manufacturing detail absent from corpus.","Abstain (I don't know)"
unans_035,"What is the personal shoe size of ISRO founder Dr. Vikram Sarabhai?","Plausible but unsupported question",False,"Irrelevant personal biographical detail completely absent from space documentation.","Abstain (I don't know)"
unans_036,"What brand of paint was applied to the exterior white thermal coating of the PSLV core stage in 2023?","Plausible but unsupported question",False,"Commercial paint brand name for thermal barrier is not specified in ISRO documentation.","Abstain (I don't know)"
unans_037,"What was the cafeteria lunch menu at SDSC Sriharikota on the day of the Aditya-L1 launch?","Plausible but unsupported question",False,"Cafeteria meal menu is extraneous personal trivia absent from official mission reports.","Abstain (I don't know)"
unans_038,"How many individual screws were used to mount the solar panels on the AstroSat observatory satellite?","Plausible but unsupported question",False,"Screw count for structural integration is an unrecorded microscopic assembly detail.","Abstain (I don't know)"
unans_039,"What was the electrical resistance in ohms of the grounding strap on the launch gantry during LVM3-M4 rollout?","Plausible but unsupported question",False,"Gantry grounding electrical resistance is a ground support facility trace absent from corpus.","Abstain (I don't know)"
unans_040,"What is the favorite color of the flight dynamics lead for the XPoSat mission?","Plausible but unsupported question",False,"Personal psychological preferences of personnel are completely absent from corpus.","Abstain (I don't know)"
