question_id,system,context_tokens,kg_path_count,dense_item_count,bm25_item_count,source_evidence_count,provenance_count,kg_tokens,non_kg_tokens,kg_proportion,kg_position_fraction,kg_dense_token_overlap,has_kg_block,has_dense_block,has_bm25_block,answer_words,idk,rouge_l,coverage
rakg_001,vanilla_dense_rag,1242,0,0,0,0,0,0,0,0.0,,,False,False,False,42,False,0.0,0.0
rakg_001,relation_aware_kg_rag,1500,9,1,0,3,9,661,839,0.44066666666666665,0.0,True,True,True,False,43,False,0.045455,1.0
rakg_001,relation_aware_kg_only,661,9,0,0,3,9,661,0,1.0,0.0,,True,False,False,8,False,0.222222,1.0
rakg_001,relation_aware_kg_source,1500,9,1,0,3,9,661,839,0.44066666666666665,0.0,True,True,True,False,14,False,0.133333,1.0
rakg_001,relation_aware_kg_dense,1500,9,1,0,3,9,661,839,0.44066666666666665,0.0,True,True,True,False,14,False,0.133333,1.0
rakg_001,relation_aware_kg_dense_bm25,1500,9,1,0,3,9,661,839,0.44066666666666665,0.0,True,True,True,False,14,False,0.133333,1.0
rakg_002,vanilla_dense_rag,859,0,0,0,0,0,0,0,0.0,,,False,False,False,18,False,0.0,0.0
rakg_002,relation_aware_kg_rag,1500,14,1,0,10,14,745,755,0.49666666666666665,0.0,True,True,True,False,23,False,0.0,0.0
rakg_002,relation_aware_kg_only,745,14,0,0,10,14,745,0,1.0,0.0,,True,False,False,61,False,0.179104,1.0
rakg_002,relation_aware_kg_source,1500,14,1,0,10,14,745,755,0.49666666666666665,0.0,True,True,True,False,23,False,0.0,0.0
rakg_002,relation_aware_kg_dense,1500,14,1,0,10,14,745,755,0.49666666666666665,0.0,True,True,True,False,22,False,0.0,0.0
rakg_002,relation_aware_kg_dense_bm25,1500,14,1,0,10,14,745,755,0.49666666666666665,0.0,True,True,True,False,23,False,0.0,0.0
rakg_005,vanilla_dense_rag,859,0,0,0,0,0,0,0,0.0,,,False,False,False,18,False,0.076923,0.125
rakg_005,relation_aware_kg_rag,1500,14,1,0,10,14,745,755,0.49666666666666665,0.0,True,True,True,False,23,False,0.064516,0.125
rakg_005,relation_aware_kg_only,745,14,0,0,10,14,745,0,1.0,0.0,,True,False,False,51,False,0.285714,1.0
rakg_005,relation_aware_kg_source,1500,14,1,0,10,14,745,755,0.49666666666666665,0.0,True,True,True,False,22,False,0.066667,0.125
rakg_005,relation_aware_kg_dense,1500,14,1,0,10,14,745,755,0.49666666666666665,0.0,True,True,True,False,23,False,0.064516,0.125
rakg_005,relation_aware_kg_dense_bm25,1500,14,1,0,10,14,745,755,0.49666666666666665,0.0,True,True,True,False,23,False,0.064516,0.125
rakg_007,vanilla_dense_rag,993,0,0,0,0,0,0,0,0.0,,,False,False,False,13,False,0.526316,0.833333
rakg_007,relation_aware_kg_rag,1500,10,1,0,1,10,634,866,0.4226666666666667,0.0,True,True,True,False,12,False,0.111111,0.166667
rakg_007,relation_aware_kg_only,634,10,0,0,1,10,634,0,1.0,0.0,,True,False,False,51,False,0.210526,1.0
rakg_007,relation_aware_kg_source,1500,10,1,0,1,10,634,866,0.4226666666666667,0.0,True,True,True,False,12,False,0.111111,0.166667
rakg_007,relation_aware_kg_dense,1500,10,1,0,1,10,634,866,0.4226666666666667,0.0,True,True,True,False,16,False,0.090909,0.166667
rakg_007,relation_aware_kg_dense_bm25,1500,10,1,0,1,10,634,866,0.4226666666666667,0.0,True,True,True,False,14,False,0.1,0.166667
rakg_008,vanilla_dense_rag,1208,0,0,0,0,0,0,0,0.0,,,False,False,False,54,False,0.03125,0.1
rakg_008,relation_aware_kg_rag,1344,1,1,0,1,1,134,1210,0.09970238095238096,0.0,True,True,True,False,54,False,0.03125,0.1
rakg_008,relation_aware_kg_only,134,1,0,0,1,1,134,0,1.0,0.0,,True,False,False,19,False,0.689655,1.0
rakg_008,relation_aware_kg_source,1344,1,1,0,1,1,134,1210,0.09970238095238096,0.0,True,True,True,False,88,False,0.040816,0.2
rakg_008,relation_aware_kg_dense,1344,1,1,0,1,1,134,1210,0.09970238095238096,0.0,True,True,True,False,93,False,0.038835,0.2
rakg_008,relation_aware_kg_dense_bm25,1500,1,1,1,1,1,134,1366,0.08933333333333333,0.0,True,True,True,True,36,False,0.043478,0.1
rakg_009,vanilla_dense_rag,753,0,0,0,0,0,0,0,0.0,,,False,False,False,13,False,0.526316,1.0
rakg_009,relation_aware_kg_rag,1121,1,1,0,1,1,366,755,0.3264942016057092,0.0,True,True,True,False,13,False,0.105263,0.166667
rakg_009,relation_aware_kg_only,366,1,0,0,1,1,366,0,1.0,0.0,,True,False,False,14,False,0.6,1.0
rakg_009,relation_aware_kg_source,1121,1,1,0,1,1,366,755,0.3264942016057092,0.0,True,True,True,False,13,False,0.105263,0.166667
rakg_009,relation_aware_kg_dense,1121,1,1,0,1,1,366,755,0.3264942016057092,0.0,True,True,True,False,13,False,0.105263,0.166667
rakg_009,relation_aware_kg_dense_bm25,1500,1,1,1,1,1,366,1134,0.244,0.0,True,True,True,True,15,False,0.0,0.0
rakg_010,vanilla_dense_rag,993,0,0,0,0,0,0,0,0.0,,,False,False,False,28,False,0.060606,0.4
rakg_010,relation_aware_kg_rag,1500,10,1,0,1,10,634,866,0.4226666666666667,0.0,True,True,True,False,12,False,0.588235,1.0
rakg_010,relation_aware_kg_only,634,10,0,0,1,10,634,0,1.0,0.0,,True,False,False,51,False,0.178571,1.0
rakg_010,relation_aware_kg_source,1500,10,1,0,1,10,634,866,0.4226666666666667,0.0,True,True,True,False,12,False,0.588235,1.0
rakg_010,relation_aware_kg_dense,1500,10,1,0,1,10,634,866,0.4226666666666667,0.0,True,True,True,False,12,False,0.588235,1.0
rakg_010,relation_aware_kg_dense_bm25,1500,10,1,0,1,10,634,866,0.4226666666666667,0.0,True,True,True,False,12,False,0.588235,1.0
rakg_012,vanilla_dense_rag,1358,0,0,0,0,0,0,0,0.0,,,False,False,False,14,False,0.1,0.166667
rakg_012,relation_aware_kg_rag,1500,1,1,0,1,1,367,1133,0.24466666666666667,0.0,True,True,True,False,16,False,0.0,0.0
rakg_012,relation_aware_kg_only,367,1,0,0,1,1,367,0,1.0,0.0,,True,False,False,15,False,0.571429,1.0
rakg_012,relation_aware_kg_source,1500,1,1,0,1,1,367,1133,0.24466666666666667,0.0,True,True,True,False,16,False,0.0,0.0
rakg_012,relation_aware_kg_dense,1500,1,1,0,1,1,367,1133,0.24466666666666667,0.0,True,True,True,False,16,False,0.0,0.0
rakg_012,relation_aware_kg_dense_bm25,1500,1,1,0,1,1,367,1133,0.24466666666666667,0.0,True,True,True,False,16,False,0.0,0.0
rakg_015,vanilla_dense_rag,1348,0,0,0,0,0,0,0,0.0,,,False,False,False,17,False,0.0,0.0
rakg_015,relation_aware_kg_rag,1500,2,1,0,1,2,400,1100,0.26666666666666666,0.0,True,True,True,False,14,False,0.0,0.0
rakg_015,relation_aware_kg_only,400,2,0,0,1,2,400,0,1.0,0.0,,True,False,False,16,False,0.0,0.0
rakg_015,relation_aware_kg_source,1500,2,1,0,1,2,400,1100,0.26666666666666666,0.0,True,True,True,False,14,False,0.0,0.0
rakg_015,relation_aware_kg_dense,1500,2,1,0,1,2,400,1100,0.26666666666666666,0.0,True,True,True,False,14,False,0.0,0.0
rakg_015,relation_aware_kg_dense_bm25,1500,2,1,0,1,2,400,1100,0.26666666666666666,0.0,True,True,True,False,14,False,0.0,0.0
rakg_016,vanilla_dense_rag,1480,0,0,0,0,0,0,0,0.0,,,False,False,False,99,False,0.090909,0.6
rakg_016,relation_aware_kg_rag,1500,1,1,0,1,1,74,1426,0.04933333333333333,0.0,True,True,True,False,90,False,0.059406,0.3
rakg_016,relation_aware_kg_only,74,1,0,0,1,1,74,0,1.0,0.0,,True,False,False,20,False,0.709677,1.0
rakg_016,relation_aware_kg_source,1500,1,1,0,1,1,74,1426,0.04933333333333333,0.0,True,True,True,False,116,False,0.031496,0.3
rakg_016,relation_aware_kg_dense,1500,1,1,0,1,1,74,1426,0.04933333333333333,0.0,True,True,True,False,91,False,0.117647,0.6
rakg_016,relation_aware_kg_dense_bm25,1500,1,1,0,1,1,74,1426,0.04933333333333333,0.0,True,True,True,False,90,False,0.118812,0.6
rakg_017,vanilla_dense_rag,557,0,0,0,0,0,0,0,0.0,,,False,False,False,3,True,0.0,0.0
rakg_017,relation_aware_kg_rag,1063,13,1,0,4,13,504,559,0.47412982126058323,0.0,True,True,True,False,90,False,0.021277,0.125
rakg_017,relation_aware_kg_only,504,13,0,0,4,13,504,0,1.0,0.0,,True,False,False,25,False,0.484848,1.0
rakg_017,relation_aware_kg_source,1063,13,1,0,4,13,504,559,0.47412982126058323,0.0,True,True,True,False,86,False,0.0,0.0
rakg_017,relation_aware_kg_dense,1063,13,1,0,4,13,504,559,0.47412982126058323,0.0,True,True,True,False,86,False,0.0,0.0
rakg_017,relation_aware_kg_dense_bm25,1500,13,1,1,4,13,504,996,0.336,0.0,True,True,True,True,49,False,0.0,0.0
rakg_018,vanilla_dense_rag,1360,0,0,0,0,0,0,0,0.0,,,False,False,False,10,False,0.625,0.833333
rakg_018,relation_aware_kg_rag,1403,1,1,0,1,1,41,1362,0.029223093371347115,0.0,True,True,True,False,10,False,0.625,0.833333
rakg_018,relation_aware_kg_only,41,1,0,0,1,1,41,0,1.0,0.0,,True,False,False,10,False,0.75,1.0
rakg_018,relation_aware_kg_source,1403,1,1,0,1,1,41,1362,0.029223093371347115,0.0,True,True,True,False,10,False,0.625,0.833333
rakg_018,relation_aware_kg_dense,1403,1,1,0,1,1,41,1362,0.029223093371347115,0.0,True,True,True,False,10,False,0.625,0.833333
rakg_018,relation_aware_kg_dense_bm25,1500,1,1,1,1,1,41,1459,0.027333333333333334,0.0,True,True,True,True,12,False,0.111111,0.166667
rakg_019,vanilla_dense_rag,1338,0,0,0,0,0,0,0,0.0,,,False,False,False,19,False,0.16,0.5
rakg_019,relation_aware_kg_rag,1382,1,1,0,1,1,42,1340,0.030390738060781478,0.0,True,True,True,False,13,False,0.210526,0.5
rakg_019,relation_aware_kg_only,42,1,0,0,1,1,42,0,1.0,0.0,,True,False,False,10,False,0.75,1.0
rakg_019,relation_aware_kg_source,1382,1,1,0,1,1,42,1340,0.030390738060781478,0.0,True,True,True,False,11,False,0.235294,0.5
rakg_019,relation_aware_kg_dense,1382,1,1,0,1,1,42,1340,0.030390738060781478,0.0,True,True,True,False,11,False,0.235294,0.5
rakg_019,relation_aware_kg_dense_bm25,1500,1,1,1,1,1,42,1458,0.028,0.0,True,True,True,True,19,False,0.16,0.5
rakg_020,vanilla_dense_rag,1153,0,0,0,0,0,0,0,0.0,,,False,False,False,7,False,0.307692,0.333333
rakg_020,relation_aware_kg_rag,1201,1,1,0,1,1,46,1155,0.038301415487094086,0.0,True,True,True,False,7,False,0.307692,0.333333
rakg_020,relation_aware_kg_only,46,1,0,0,1,1,46,0,1.0,0.0,,True,False,False,10,False,0.75,1.0
rakg_020,relation_aware_kg_source,1201,1,1,0,1,1,46,1155,0.038301415487094086,0.0,True,True,True,False,7,False,0.307692,0.333333
rakg_020,relation_aware_kg_dense,1201,1,1,0,1,1,46,1155,0.038301415487094086,0.0,True,True,True,False,7,False,0.307692,0.333333
rakg_020,relation_aware_kg_dense_bm25,1500,1,1,1,1,1,46,1454,0.030666666666666665,0.0,True,True,True,True,7,False,0.307692,0.333333
rakg_022,vanilla_dense_rag,993,0,0,0,0,0,0,0,0.0,,,False,False,False,13,False,0.526316,0.833333
rakg_022,relation_aware_kg_rag,1500,10,1,0,1,10,634,866,0.4226666666666667,0.0,True,True,True,False,12,False,0.111111,0.166667
rakg_022,relation_aware_kg_only,634,10,0,0,1,10,634,0,1.0,0.0,,True,False,False,51,False,0.210526,1.0
rakg_022,relation_aware_kg_source,1500,10,1,0,1,10,634,866,0.4226666666666667,0.0,True,True,True,False,12,False,0.111111,0.166667
rakg_022,relation_aware_kg_dense,1500,10,1,0,1,10,634,866,0.4226666666666667,0.0,True,True,True,False,12,False,0.111111,0.166667
rakg_022,relation_aware_kg_dense_bm25,1500,10,1,0,1,10,634,866,0.4226666666666667,0.0,True,True,True,False,12,False,0.111111,0.166667
rakg_023,vanilla_dense_rag,859,0,0,0,0,0,0,0,0.0,,,False,False,False,18,False,0.0,0.0
rakg_023,relation_aware_kg_rag,1500,14,1,0,10,14,745,755,0.49666666666666665,0.0,True,True,True,False,23,False,0.071429,0.2
rakg_023,relation_aware_kg_only,745,14,0,0,10,14,745,0,1.0,0.0,,True,False,False,51,False,0.037736,0.2
rakg_023,relation_aware_kg_source,1500,14,1,0,10,14,745,755,0.49666666666666665,0.0,True,True,True,False,23,False,0.071429,0.2
rakg_023,relation_aware_kg_dense,1500,14,1,0,10,14,745,755,0.49666666666666665,0.0,True,True,True,False,23,False,0.071429,0.2
rakg_023,relation_aware_kg_dense_bm25,1500,14,1,0,10,14,745,755,0.49666666666666665,0.0,True,True,True,False,23,False,0.071429,0.2
rakg_025,vanilla_dense_rag,1203,0,0,0,0,0,0,0,0.0,,,False,False,False,84,False,0.08,0.266667
rakg_025,relation_aware_kg_rag,1269,1,1,0,1,1,64,1205,0.0504334121355398,0.0,True,True,True,False,81,False,0.082474,0.2
rakg_025,relation_aware_kg_only,64,1,0,0,1,1,64,0,1.0,0.0,,True,False,False,27,False,0.744186,1.0
rakg_025,relation_aware_kg_source,1269,1,1,0,1,1,64,1205,0.0504334121355398,0.0,True,True,True,False,85,False,0.079208,0.266667
rakg_025,relation_aware_kg_dense,1269,1,1,0,1,1,64,1205,0.0504334121355398,0.0,True,True,True,False,91,False,0.074766,0.266667
rakg_025,relation_aware_kg_dense_bm25,1500,1,1,1,1,1,64,1436,0.042666666666666665,0.0,True,True,True,True,68,False,0.047619,0.2
rakg_026,vanilla_dense_rag,732,0,0,0,0,0,0,0,0.0,,,False,False,False,26,False,0.266667,1.0
rakg_026,relation_aware_kg_rag,816,1,1,0,1,1,82,734,0.10049019607843138,0.0,True,True,True,False,15,False,0.421053,1.0
rakg_026,relation_aware_kg_only,82,1,0,0,1,1,82,0,1.0,0.0,,True,False,False,11,False,0.533333,1.0
rakg_026,relation_aware_kg_source,816,1,1,0,1,1,82,734,0.10049019607843138,0.0,True,True,True,False,15,False,0.421053,1.0
rakg_026,relation_aware_kg_dense,816,1,1,0,1,1,82,734,0.10049019607843138,0.0,True,True,True,False,15,False,0.421053,1.0
rakg_026,relation_aware_kg_dense_bm25,1500,1,1,1,1,1,82,1418,0.05466666666666667,0.0,True,True,True,True,16,False,0.3,0.75
rakg_027,vanilla_dense_rag,1115,0,0,0,0,0,0,0,0.0,,,False,False,False,13,False,0.0,0.0
rakg_027,relation_aware_kg_rag,1153,1,1,0,1,1,36,1117,0.031222896790980052,0.0,True,True,True,False,13,False,0.0,0.0
rakg_027,relation_aware_kg_only,36,1,0,0,1,1,36,0,1.0,0.0,,True,False,False,1,False,1.0,1.0
rakg_027,relation_aware_kg_source,1153,1,1,0,1,1,36,1117,0.031222896790980052,0.0,True,True,True,False,13,False,0.0,0.0
rakg_027,relation_aware_kg_dense,1153,1,1,0,1,1,36,1117,0.031222896790980052,0.0,True,True,True,False,13,False,0.0,0.0
rakg_027,relation_aware_kg_dense_bm25,1500,1,1,1,1,1,36,1464,0.024,0.0,True,True,True,True,8,False,0.222222,1.0
rakg_029,vanilla_dense_rag,605,0,0,0,0,0,0,0,0.0,,,False,False,False,20,False,0.32,0.8
rakg_029,relation_aware_kg_rag,670,1,1,0,1,1,63,607,0.09402985074626866,0.0,True,True,True,False,15,False,0.5,1.0
rakg_029,relation_aware_kg_only,63,1,0,0,1,1,63,0,1.0,0.0,,True,False,False,16,False,0.47619,1.0
rakg_029,relation_aware_kg_source,670,1,1,0,1,1,63,607,0.09402985074626866,0.0,True,True,True,False,15,False,0.5,1.0
rakg_029,relation_aware_kg_dense,670,1,1,0,1,1,63,607,0.09402985074626866,0.0,True,True,True,False,15,False,0.5,1.0
rakg_029,relation_aware_kg_dense_bm25,1500,1,1,1,1,1,63,1437,0.042,0.0,True,True,True,True,17,False,0.0,0.0
rakg_030,vanilla_dense_rag,977,0,0,0,0,0,0,0,0.0,,,False,False,False,8,False,0.0,0.0
rakg_030,relation_aware_kg_rag,1387,10,1,0,7,10,408,979,0.29416005767844267,0.0,True,True,True,False,39,False,0.046512,0.25
rakg_030,relation_aware_kg_only,408,10,0,0,7,10,408,0,1.0,0.0,,True,False,False,70,False,0.056338,0.5
rakg_030,relation_aware_kg_source,1387,10,1,0,7,10,408,979,0.29416005767844267,0.0,True,True,True,False,49,False,0.037736,0.25
rakg_030,relation_aware_kg_dense,1387,10,1,0,7,10,408,979,0.29416005767844267,0.0,True,True,True,False,55,False,0.033898,0.25
rakg_030,relation_aware_kg_dense_bm25,1500,10,1,1,7,10,408,1092,0.272,0.0,True,True,True,True,68,False,0.055556,0.5
rakg_031,vanilla_dense_rag,977,0,0,0,0,0,0,0,0.0,,,False,False,False,8,False,0.222222,1.0
rakg_031,relation_aware_kg_rag,1387,10,1,0,7,10,408,979,0.29416005767844267,0.0,True,True,True,False,55,False,0.0,0.0
rakg_031,relation_aware_kg_only,408,10,0,0,7,10,408,0,1.0,0.0,,True,False,False,65,False,0.0,0.0
rakg_031,relation_aware_kg_source,1387,10,1,0,7,10,408,979,0.29416005767844267,0.0,True,True,True,False,40,False,0.0,0.0
rakg_031,relation_aware_kg_dense,1387,10,1,0,7,10,408,979,0.29416005767844267,0.0,True,True,True,False,33,False,0.0,0.0
rakg_031,relation_aware_kg_dense_bm25,1500,10,1,1,7,10,408,1092,0.272,0.0,True,True,True,True,72,False,0.0,0.0
rakg_032,vanilla_dense_rag,1316,0,0,0,0,0,0,0,0.0,,,False,False,False,15,False,0.5,1.0
rakg_032,relation_aware_kg_rag,1500,1,1,0,1,1,367,1133,0.24466666666666667,0.0,True,True,True,False,17,False,0.272727,0.6
rakg_032,relation_aware_kg_only,367,1,0,0,1,1,367,0,1.0,0.0,,True,False,False,13,False,0.555556,1.0
rakg_032,relation_aware_kg_source,1500,1,1,0,1,1,367,1133,0.24466666666666667,0.0,True,True,True,False,17,False,0.272727,0.6
rakg_032,relation_aware_kg_dense,1500,1,1,0,1,1,367,1133,0.24466666666666667,0.0,True,True,True,False,16,False,0.285714,0.6
rakg_032,relation_aware_kg_dense_bm25,1500,1,1,0,1,1,367,1133,0.24466666666666667,0.0,True,True,True,False,16,False,0.285714,0.6
rakg_033,vanilla_dense_rag,1500,0,0,0,0,0,0,0,0.0,,,False,False,False,16,False,0.0,0.0
rakg_033,relation_aware_kg_rag,1500,1,1,0,1,1,101,1399,0.06733333333333333,0.0,True,True,True,False,16,False,0.0,0.0
rakg_033,relation_aware_kg_only,101,1,0,0,1,1,101,0,1.0,0.0,,True,False,False,24,False,0.666667,1.0
rakg_033,relation_aware_kg_source,1500,1,1,0,1,1,101,1399,0.06733333333333333,0.0,True,True,True,False,27,False,0.0,0.0
rakg_033,relation_aware_kg_dense,1500,1,1,0,1,1,101,1399,0.06733333333333333,0.0,True,True,True,False,16,False,0.0,0.0
rakg_033,relation_aware_kg_dense_bm25,1500,1,1,0,1,1,101,1399,0.06733333333333333,0.0,True,True,True,False,17,False,0.0,0.0
rakg_034,vanilla_dense_rag,977,0,0,0,0,0,0,0,0.0,,,False,False,False,12,False,0.153846,1.0
rakg_034,relation_aware_kg_rag,1387,10,1,0,7,10,408,979,0.29416005767844267,0.0,True,True,True,False,55,False,0.0,0.0
rakg_034,relation_aware_kg_only,408,10,0,0,7,10,408,0,1.0,0.0,,True,False,False,70,False,0.029412,1.0
rakg_034,relation_aware_kg_source,1387,10,1,0,7,10,408,979,0.29416005767844267,0.0,True,True,True,False,33,False,0.0,0.0
rakg_034,relation_aware_kg_dense,1387,10,1,0,7,10,408,979,0.29416005767844267,0.0,True,True,True,False,55,False,0.0,0.0
rakg_034,relation_aware_kg_dense_bm25,1500,10,1,1,7,10,408,1092,0.272,0.0,True,True,True,True,62,False,0.0,0.0
rakg_035,vanilla_dense_rag,968,0,0,0,0,0,0,0,0.0,,,False,False,False,9,False,0.2,1.0
rakg_035,relation_aware_kg_rag,1009,1,1,0,1,1,39,970,0.03865213082259663,0.0,True,True,True,False,13,False,0.0,0.0
rakg_035,relation_aware_kg_only,39,1,0,0,1,1,39,0,1.0,0.0,,True,False,False,8,False,0.222222,1.0
rakg_035,relation_aware_kg_source,1009,1,1,0,1,1,39,970,0.03865213082259663,0.0,True,True,True,False,13,False,0.0,0.0
rakg_035,relation_aware_kg_dense,1009,1,1,0,1,1,39,970,0.03865213082259663,0.0,True,True,True,False,13,False,0.0,0.0
rakg_035,relation_aware_kg_dense_bm25,1500,1,1,1,1,1,39,1461,0.026,0.0,True,True,True,True,8,False,0.222222,1.0
rakg_036,vanilla_dense_rag,1171,0,0,0,0,0,0,0,0.0,,,False,False,False,23,False,0.0,0.0
rakg_036,relation_aware_kg_rag,1500,2,1,0,1,2,396,1104,0.264,0.0,True,True,True,False,13,False,0.0,0.0
rakg_036,relation_aware_kg_only,396,2,0,0,1,2,396,0,1.0,0.0,,True,False,False,10,False,0.0,0.0
rakg_036,relation_aware_kg_source,1500,2,1,0,1,2,396,1104,0.264,0.0,True,True,True,False,13,False,0.0,0.0
rakg_036,relation_aware_kg_dense,1500,2,1,0,1,2,396,1104,0.264,0.0,True,True,True,False,13,False,0.0,0.0
rakg_036,relation_aware_kg_dense_bm25,1500,2,1,0,1,2,396,1104,0.264,0.0,True,True,True,False,13,False,0.0,0.0
rakg_037,vanilla_dense_rag,650,0,0,0,0,0,0,0,0.0,,,False,False,False,8,False,0.2,0.5
rakg_037,relation_aware_kg_rag,690,1,1,0,1,1,38,652,0.05507246376811594,0.0,True,True,True,False,9,False,0.363636,1.0
rakg_037,relation_aware_kg_only,38,1,0,0,1,1,38,0,1.0,0.0,,True,False,False,2,False,1.0,1.0
rakg_037,relation_aware_kg_source,690,1,1,0,1,1,38,652,0.05507246376811594,0.0,True,True,True,False,9,False,0.363636,1.0
rakg_037,relation_aware_kg_dense,690,1,1,0,1,1,38,652,0.05507246376811594,0.0,True,True,True,False,9,False,0.363636,1.0
rakg_037,relation_aware_kg_dense_bm25,1500,1,1,1,1,1,38,1462,0.025333333333333333,0.0,True,True,True,True,10,False,0.0,0.0
rakg_038,vanilla_dense_rag,1242,0,0,0,0,0,0,0,0.0,,,False,False,False,55,False,0.0,0.0
rakg_038,relation_aware_kg_rag,1500,13,1,0,4,13,550,950,0.36666666666666664,0.0,True,True,True,False,94,False,0.021053,1.0
rakg_038,relation_aware_kg_only,550,13,0,0,4,13,550,0,1.0,0.0,,True,False,False,80,False,0.025,1.0
rakg_038,relation_aware_kg_source,1500,13,1,0,4,13,550,950,0.36666666666666664,0.0,True,True,True,False,96,False,0.020619,1.0
rakg_038,relation_aware_kg_dense,1500,13,1,0,4,13,550,950,0.36666666666666664,0.0,True,True,True,False,94,False,0.021053,1.0
rakg_038,relation_aware_kg_dense_bm25,1500,13,1,0,4,13,550,950,0.36666666666666664,0.0,True,True,True,False,94,False,0.021053,1.0
rakg_040,vanilla_dense_rag,859,0,0,0,0,0,0,0,0.0,,,False,False,False,18,False,0.0,0.0
rakg_040,relation_aware_kg_rag,1500,14,1,0,10,14,745,755,0.49666666666666665,0.0,True,True,True,False,22,False,0.0,0.0
rakg_040,relation_aware_kg_only,745,14,0,0,10,14,745,0,1.0,0.0,,True,False,False,17,False,0.0,0.0
rakg_040,relation_aware_kg_source,1500,14,1,0,10,14,745,755,0.49666666666666665,0.0,True,True,True,False,23,False,0.0,0.0
rakg_040,relation_aware_kg_dense,1500,14,1,0,10,14,745,755,0.49666666666666665,0.0,True,True,True,False,23,False,0.0,0.0
rakg_040,relation_aware_kg_dense_bm25,1500,14,1,0,10,14,745,755,0.49666666666666665,0.0,True,True,True,False,23,False,0.0,0.0
rakg_041,vanilla_dense_rag,1500,0,0,0,0,0,0,0,0.0,,,False,False,False,63,False,0.131579,0.5
rakg_041,relation_aware_kg_rag,1500,1,1,0,1,1,79,1421,0.05266666666666667,0.0,True,True,True,False,62,False,0.133333,0.5
rakg_041,relation_aware_kg_only,79,1,0,0,1,1,79,0,1.0,0.0,,True,False,False,22,False,0.742857,1.0
rakg_041,relation_aware_kg_source,1500,1,1,0,1,1,79,1421,0.05266666666666667,0.0,True,True,True,False,62,False,0.133333,0.5
rakg_041,relation_aware_kg_dense,1500,1,1,0,1,1,79,1421,0.05266666666666667,0.0,True,True,True,False,64,False,0.12987,0.5
rakg_041,relation_aware_kg_dense_bm25,1500,1,1,0,1,1,79,1421,0.05266666666666667,0.0,True,True,True,False,62,False,0.133333,0.5
rakg_042,vanilla_dense_rag,859,0,0,0,0,0,0,0,0.0,,,False,False,False,18,False,0.0,0.0
rakg_042,relation_aware_kg_rag,1500,14,1,0,10,14,745,755,0.49666666666666665,0.0,True,True,True,False,23,False,0.0,0.0
rakg_042,relation_aware_kg_only,745,14,0,0,10,14,745,0,1.0,0.0,,True,False,False,17,False,0.454545,1.0
rakg_042,relation_aware_kg_source,1500,14,1,0,10,14,745,755,0.49666666666666665,0.0,True,True,True,False,23,False,0.0,0.0
rakg_042,relation_aware_kg_dense,1500,14,1,0,10,14,745,755,0.49666666666666665,0.0,True,True,True,False,18,False,0.0,0.0
rakg_042,relation_aware_kg_dense_bm25,1500,14,1,0,10,14,745,755,0.49666666666666665,0.0,True,True,True,False,23,False,0.0,0.0
rakg_043,vanilla_dense_rag,557,0,0,0,0,0,0,0,0.0,,,False,False,False,14,False,0.1,0.166667
rakg_043,relation_aware_kg_rag,1500,15,0,0,11,15,1500,0,1.0,0.0,,True,False,False,92,False,0.081633,0.666667
rakg_043,relation_aware_kg_only,1500,15,0,0,11,15,1500,0,1.0,0.0,,True,False,False,56,False,0.129032,0.666667
rakg_043,relation_aware_kg_source,1500,15,0,0,11,15,1500,0,1.0,0.0,,True,False,False,56,False,0.129032,0.666667
rakg_043,relation_aware_kg_dense,1500,15,0,0,11,15,1500,0,1.0,0.0,,True,False,False,63,False,0.057971,0.333333
rakg_043,relation_aware_kg_dense_bm25,1500,15,0,0,11,15,1500,0,1.0,0.0,,True,False,False,81,False,0.091954,0.666667
rakg_046,vanilla_dense_rag,933,0,0,0,0,0,0,0,0.0,,,False,False,False,17,False,0.0,0.0
rakg_046,relation_aware_kg_rag,1036,1,1,0,1,1,101,935,0.09749034749034749,0.0,True,True,True,False,17,False,0.454545,1.0
rakg_046,relation_aware_kg_only,101,1,0,0,1,1,101,0,1.0,0.0,,True,False,False,16,False,0.47619,1.0
rakg_046,relation_aware_kg_source,1036,1,1,0,1,1,101,935,0.09749034749034749,0.0,True,True,True,False,17,False,0.454545,1.0
rakg_046,relation_aware_kg_dense,1036,1,1,0,1,1,101,935,0.09749034749034749,0.0,True,True,True,False,17,False,0.454545,1.0
rakg_046,relation_aware_kg_dense_bm25,1500,1,1,1,1,1,101,1399,0.06733333333333333,0.0,True,True,True,True,17,False,0.0,0.0
rakg_047,vanilla_dense_rag,920,0,0,0,0,0,0,0,0.0,,,False,False,False,12,False,0.0,0.0
rakg_047,relation_aware_kg_rag,1235,1,1,0,1,1,313,922,0.2534412955465587,0.0,True,True,True,False,9,False,0.0,0.0
rakg_047,relation_aware_kg_only,313,1,0,0,1,1,313,0,1.0,0.0,,True,False,False,11,False,0.461538,1.0
rakg_047,relation_aware_kg_source,1235,1,1,0,1,1,313,922,0.2534412955465587,0.0,True,True,True,False,12,False,0.0,0.0
rakg_047,relation_aware_kg_dense,1235,1,1,0,1,1,313,922,0.2534412955465587,0.0,True,True,True,False,9,False,0.0,0.0
rakg_047,relation_aware_kg_dense_bm25,1500,1,1,1,1,1,313,1187,0.20866666666666667,0.0,True,True,True,True,29,False,0.0,0.0
rakg_048,vanilla_dense_rag,1105,0,0,0,0,0,0,0,0.0,,,False,False,False,19,False,0.0,0.0
rakg_048,relation_aware_kg_rag,1256,1,1,0,1,1,149,1107,0.11863057324840764,0.0,True,True,True,False,103,False,0.034783,0.181818
rakg_048,relation_aware_kg_only,149,1,0,0,1,1,149,0,1.0,0.0,,True,False,False,24,False,0.685714,1.0
rakg_048,relation_aware_kg_source,1256,1,1,0,1,1,149,1107,0.11863057324840764,0.0,True,True,True,False,102,False,0.035088,0.181818
rakg_048,relation_aware_kg_dense,1256,1,1,0,1,1,149,1107,0.11863057324840764,0.0,True,True,True,False,102,False,0.035088,0.181818
rakg_048,relation_aware_kg_dense_bm25,1500,1,1,1,1,1,149,1351,0.09933333333333333,0.0,True,True,True,True,100,False,0.125,0.727273
rakg_049,vanilla_dense_rag,1500,0,0,0,0,0,0,0,0.0,,,False,False,False,17,False,0.521739,1.0
rakg_049,relation_aware_kg_rag,1500,1,1,0,1,1,369,1131,0.246,0.0,True,True,True,False,18,False,0.5,1.0
rakg_049,relation_aware_kg_only,369,1,0,0,1,1,369,0,1.0,0.0,,True,False,False,17,False,0.521739,1.0
rakg_049,relation_aware_kg_source,1500,1,1,0,1,1,369,1131,0.246,0.0,True,True,True,False,18,False,0.5,1.0
rakg_049,relation_aware_kg_dense,1500,1,1,0,1,1,369,1131,0.246,0.0,True,True,True,False,18,False,0.5,1.0
rakg_049,relation_aware_kg_dense_bm25,1500,1,1,0,1,1,369,1131,0.246,0.0,True,True,True,False,18,False,0.5,1.0
rakg_050,vanilla_dense_rag,1238,0,0,0,0,0,0,0,0.0,,,False,False,False,16,False,0.0,0.0
rakg_050,relation_aware_kg_rag,1343,1,1,0,1,1,103,1240,0.0766939687267312,0.0,True,True,True,False,16,False,0.0,0.0
rakg_050,relation_aware_kg_only,103,1,0,0,1,1,103,0,1.0,0.0,,True,False,False,20,False,0.571429,1.0
rakg_050,relation_aware_kg_source,1343,1,1,0,1,1,103,1240,0.0766939687267312,0.0,True,True,True,False,16,False,0.0,0.0
rakg_050,relation_aware_kg_dense,1343,1,1,0,1,1,103,1240,0.0766939687267312,0.0,True,True,True,False,16,False,0.0,0.0
rakg_050,relation_aware_kg_dense_bm25,1500,1,1,1,1,1,103,1397,0.06866666666666667,0.0,True,True,True,True,15,False,0.0,0.0
rakg_051,vanilla_dense_rag,779,0,0,0,0,0,0,0,0.0,,,False,False,False,17,False,0.0,0.0
rakg_051,relation_aware_kg_rag,829,1,1,0,1,1,48,781,0.05790108564535585,0.0,True,True,True,False,17,False,0.521739,1.0
rakg_051,relation_aware_kg_only,48,1,0,0,1,1,48,0,1.0,0.0,,True,False,False,17,False,0.521739,1.0
rakg_051,relation_aware_kg_source,829,1,1,0,1,1,48,781,0.05790108564535585,0.0,True,True,True,False,17,False,0.521739,1.0
rakg_051,relation_aware_kg_dense,829,1,1,0,1,1,48,781,0.05790108564535585,0.0,True,True,True,False,17,False,0.521739,1.0
rakg_051,relation_aware_kg_dense_bm25,1500,1,1,1,1,1,48,1452,0.032,0.0,True,True,True,True,16,False,0.454545,0.833333
rakg_052,vanilla_dense_rag,1171,0,0,0,0,0,0,0,0.0,,,False,False,False,23,False,0.071429,0.4
rakg_052,relation_aware_kg_rag,1500,2,1,0,1,2,396,1104,0.264,0.0,True,True,True,False,23,False,0.071429,0.4
rakg_052,relation_aware_kg_only,396,2,0,0,1,2,396,0,1.0,0.0,,True,False,False,10,False,0.666667,1.0
rakg_052,relation_aware_kg_source,1500,2,1,0,1,2,396,1104,0.264,0.0,True,True,True,False,13,False,0.333333,0.6
rakg_052,relation_aware_kg_dense,1500,2,1,0,1,2,396,1104,0.264,0.0,True,True,True,False,23,False,0.071429,0.4
rakg_052,relation_aware_kg_dense_bm25,1500,2,1,0,1,2,396,1104,0.264,0.0,True,True,True,False,23,False,0.071429,0.4
rakg_053,vanilla_dense_rag,1348,0,0,0,0,0,0,0,0.0,,,False,False,False,17,False,0.0,0.0
rakg_053,relation_aware_kg_rag,1500,2,1,0,1,2,400,1100,0.26666666666666666,0.0,True,True,True,False,14,False,0.0,0.0
rakg_053,relation_aware_kg_only,400,2,0,0,1,2,400,0,1.0,0.0,,True,False,False,12,False,0.588235,1.0
rakg_053,relation_aware_kg_source,1500,2,1,0,1,2,400,1100,0.26666666666666666,0.0,True,True,True,False,14,False,0.0,0.0
rakg_053,relation_aware_kg_dense,1500,2,1,0,1,2,400,1100,0.26666666666666666,0.0,True,True,True,False,14,False,0.0,0.0
rakg_053,relation_aware_kg_dense_bm25,1500,2,1,0,1,2,400,1100,0.26666666666666666,0.0,True,True,True,False,14,False,0.0,0.0
rakg_054,vanilla_dense_rag,441,0,0,0,0,0,0,0,0.0,,,False,False,False,14,True,0.0,0.0
rakg_054,relation_aware_kg_rag,480,1,1,0,1,1,37,443,0.07708333333333334,0.0,True,True,True,False,3,True,0.0,0.0
rakg_054,relation_aware_kg_only,37,1,0,0,1,1,37,0,1.0,0.0,,True,False,False,2,False,1.0,1.0
rakg_054,relation_aware_kg_source,480,1,1,0,1,1,37,443,0.07708333333333334,0.0,True,True,True,False,3,True,0.0,0.0
rakg_054,relation_aware_kg_dense,480,1,1,0,1,1,37,443,0.07708333333333334,0.0,True,True,True,False,9,False,0.363636,1.0
rakg_054,relation_aware_kg_dense_bm25,1336,1,1,1,1,1,37,1299,0.027694610778443114,0.0,True,True,True,True,13,False,0.0,0.0
rakg_055,vanilla_dense_rag,1500,0,0,0,0,0,0,0,0.0,,,False,False,False,26,False,0.111111,0.4
rakg_055,relation_aware_kg_rag,1500,1,1,0,1,1,99,1401,0.066,0.0,True,True,True,False,91,False,0.079208,0.4
rakg_055,relation_aware_kg_only,99,1,0,0,1,1,99,0,1.0,0.0,,True,False,False,19,False,0.689655,1.0
rakg_055,relation_aware_kg_source,1500,1,1,0,1,1,99,1401,0.066,0.0,True,True,True,False,91,False,0.079208,0.4
rakg_055,relation_aware_kg_dense,1500,1,1,0,1,1,99,1401,0.066,0.0,True,True,True,False,91,False,0.079208,0.4
rakg_055,relation_aware_kg_dense_bm25,1500,1,1,0,1,1,99,1401,0.066,0.0,True,True,True,False,91,False,0.079208,0.4
rakg_056,vanilla_dense_rag,557,0,0,0,0,0,0,0,0.0,,,False,False,False,14,False,0.133333,1.0
rakg_056,relation_aware_kg_rag,1500,15,0,0,11,15,1500,0,1.0,0.0,,True,False,False,90,False,0.0,0.0
rakg_056,relation_aware_kg_only,1500,15,0,0,11,15,1500,0,1.0,0.0,,True,False,False,81,False,0.0,0.0
rakg_056,relation_aware_kg_source,1500,15,0,0,11,15,1500,0,1.0,0.0,,True,False,False,92,False,0.0,0.0
rakg_056,relation_aware_kg_dense,1500,15,0,0,11,15,1500,0,1.0,0.0,,True,False,False,92,False,0.0,0.0
rakg_056,relation_aware_kg_dense_bm25,1500,15,0,0,11,15,1500,0,1.0,0.0,,True,False,False,90,False,0.0,0.0
rakg_057,vanilla_dense_rag,659,0,0,0,0,0,0,0,0.0,,,False,False,False,67,False,0.25641,0.9
rakg_057,relation_aware_kg_rag,844,2,1,0,2,2,183,661,0.21682464454976302,0.0,True,True,True,False,22,False,0.666667,1.0
rakg_057,relation_aware_kg_only,183,2,0,0,2,2,183,0,1.0,0.0,,True,False,False,25,False,0.555556,0.9
rakg_057,relation_aware_kg_source,844,2,1,0,2,2,183,661,0.21682464454976302,0.0,True,True,True,False,22,False,0.666667,1.0
rakg_057,relation_aware_kg_dense,844,2,1,0,2,2,183,661,0.21682464454976302,0.0,True,True,True,False,22,False,0.666667,1.0
rakg_057,relation_aware_kg_dense_bm25,1358,2,1,1,2,2,183,1175,0.13475699558173784,0.0,True,True,True,True,41,False,0.384615,0.9
rakg_058,vanilla_dense_rag,426,0,0,0,0,0,0,0,0.0,,,False,False,False,3,True,0.0,0.0
rakg_058,relation_aware_kg_rag,469,1,1,0,1,1,41,428,0.08742004264392324,0.0,True,True,True,False,10,False,0.75,1.0
rakg_058,relation_aware_kg_only,41,1,0,0,1,1,41,0,1.0,0.0,,True,False,False,10,False,0.75,1.0
rakg_058,relation_aware_kg_source,469,1,1,0,1,1,41,428,0.08742004264392324,0.0,True,True,True,False,10,False,0.75,1.0
rakg_058,relation_aware_kg_dense,469,1,1,0,1,1,41,428,0.08742004264392324,0.0,True,True,True,False,10,False,0.75,1.0
rakg_058,relation_aware_kg_dense_bm25,1500,1,1,1,1,1,41,1459,0.027333333333333334,0.0,True,True,True,True,10,False,0.125,0.166667
rakg_059,vanilla_dense_rag,1319,0,0,0,0,0,0,0,0.0,,,False,False,False,17,False,0.0,0.0
rakg_059,relation_aware_kg_rag,1404,1,1,0,1,1,83,1321,0.05911680911680912,0.0,True,True,True,False,17,False,0.0,0.0
rakg_059,relation_aware_kg_only,83,1,0,0,1,1,83,0,1.0,0.0,,True,False,False,14,False,0.444444,1.0
rakg_059,relation_aware_kg_source,1404,1,1,0,1,1,83,1321,0.05911680911680912,0.0,True,True,True,False,17,False,0.0,0.0
rakg_059,relation_aware_kg_dense,1404,1,1,0,1,1,83,1321,0.05911680911680912,0.0,True,True,True,False,17,False,0.0,0.0
rakg_059,relation_aware_kg_dense_bm25,1500,1,1,1,1,1,83,1417,0.05533333333333333,0.0,True,True,True,True,17,False,0.0,0.0
rakg_060,vanilla_dense_rag,1327,0,0,0,0,0,0,0,0.0,,,False,False,False,15,False,0.1,0.2
rakg_060,relation_aware_kg_rag,1412,1,1,0,1,1,83,1329,0.058781869688385266,0.0,True,True,True,False,16,False,0.095238,0.2
rakg_060,relation_aware_kg_only,83,1,0,0,1,1,83,0,1.0,0.0,,True,False,False,16,False,0.47619,1.0
rakg_060,relation_aware_kg_source,1412,1,1,0,1,1,83,1329,0.058781869688385266,0.0,True,True,True,False,15,False,0.1,0.2
rakg_060,relation_aware_kg_dense,1412,1,1,0,1,1,83,1329,0.058781869688385266,0.0,True,True,True,False,16,False,0.095238,0.2
rakg_060,relation_aware_kg_dense_bm25,1500,1,1,1,1,1,83,1417,0.05533333333333333,0.0,True,True,True,True,16,False,0.095238,0.2
rakg_061,vanilla_dense_rag,557,0,0,0,0,0,0,0,0.0,,,False,False,False,3,True,0.0,0.0
rakg_061,relation_aware_kg_rag,1063,13,1,0,4,13,504,559,0.47412982126058323,0.0,True,True,True,False,75,False,0.074074,0.5
rakg_061,relation_aware_kg_only,504,13,0,0,4,13,504,0,1.0,0.0,,True,False,False,25,False,0.387097,1.0
rakg_061,relation_aware_kg_source,1063,13,1,0,4,13,504,559,0.47412982126058323,0.0,True,True,True,False,79,False,0.047059,0.333333
rakg_061,relation_aware_kg_dense,1063,13,1,0,4,13,504,559,0.47412982126058323,0.0,True,True,True,False,75,False,0.051948,0.333333
rakg_061,relation_aware_kg_dense_bm25,1500,13,1,1,4,13,504,996,0.336,0.0,True,True,True,True,49,False,0.036364,0.166667
rakg_062,vanilla_dense_rag,1242,0,0,0,0,0,0,0,0.0,,,False,False,False,109,False,0.0,0.0
rakg_062,relation_aware_kg_rag,1500,13,1,0,4,13,550,950,0.36666666666666664,0.0,True,True,True,False,92,False,0.021505,1.0
rakg_062,relation_aware_kg_only,550,13,0,0,4,13,550,0,1.0,0.0,,True,False,False,80,False,0.025,1.0
rakg_062,relation_aware_kg_source,1500,13,1,0,4,13,550,950,0.36666666666666664,0.0,True,True,True,False,81,False,0.02439,1.0
rakg_062,relation_aware_kg_dense,1500,13,1,0,4,13,550,950,0.36666666666666664,0.0,True,True,True,False,96,False,0.020619,1.0
rakg_062,relation_aware_kg_dense_bm25,1500,13,1,0,4,13,550,950,0.36666666666666664,0.0,True,True,True,False,94,False,0.021053,1.0
rakg_063,vanilla_dense_rag,859,0,0,0,0,0,0,0,0.0,,,False,False,False,18,False,0.0,0.0
rakg_063,relation_aware_kg_rag,1500,14,1,0,10,14,745,755,0.49666666666666665,0.0,True,True,True,False,23,False,0.074074,0.25
rakg_063,relation_aware_kg_only,745,14,0,0,10,14,745,0,1.0,0.0,,True,False,False,57,False,0.034483,0.25
rakg_063,relation_aware_kg_source,1500,14,1,0,10,14,745,755,0.49666666666666665,0.0,True,True,True,False,23,False,0.074074,0.25
rakg_063,relation_aware_kg_dense,1500,14,1,0,10,14,745,755,0.49666666666666665,0.0,True,True,True,False,23,False,0.074074,0.25
rakg_063,relation_aware_kg_dense_bm25,1500,14,1,0,10,14,745,755,0.49666666666666665,0.0,True,True,True,False,23,False,0.074074,0.25
rakg_064,vanilla_dense_rag,1251,0,0,0,0,0,0,0,0.0,,,False,False,False,59,False,0.030769,0.166667
rakg_064,relation_aware_kg_rag,1500,2,1,0,2,2,271,1229,0.18066666666666667,0.0,True,True,True,False,74,False,0.025,0.166667
rakg_064,relation_aware_kg_only,271,2,0,0,2,2,271,0,1.0,0.0,,True,False,False,17,False,0.521739,1.0
rakg_064,relation_aware_kg_source,1500,2,1,0,2,2,271,1229,0.18066666666666667,0.0,True,True,True,False,19,False,0.08,0.166667
rakg_064,relation_aware_kg_dense,1500,2,1,0,2,2,271,1229,0.18066666666666667,0.0,True,True,True,False,75,False,0.024691,0.166667
rakg_064,relation_aware_kg_dense_bm25,1500,2,1,0,2,2,271,1229,0.18066666666666667,0.0,True,True,True,False,91,False,0.020619,0.166667
rakg_065,vanilla_dense_rag,1171,0,0,0,0,0,0,0,0.0,,,False,False,False,79,False,0.022989,0.125
rakg_065,relation_aware_kg_rag,1276,1,1,0,1,1,103,1173,0.08072100313479624,0.0,True,True,True,False,89,False,0.020619,0.125
rakg_065,relation_aware_kg_only,103,1,0,0,1,1,103,0,1.0,0.0,,True,False,False,17,False,0.64,1.0
rakg_065,relation_aware_kg_source,1276,1,1,0,1,1,103,1173,0.08072100313479624,0.0,True,True,True,False,89,False,0.020619,0.125
rakg_065,relation_aware_kg_dense,1276,1,1,0,1,1,103,1173,0.08072100313479624,0.0,True,True,True,False,79,False,0.022989,0.125
rakg_065,relation_aware_kg_dense_bm25,1500,1,1,1,1,1,103,1397,0.06866666666666667,0.0,True,True,True,True,35,False,0.046512,0.125
rakg_066,vanilla_dense_rag,752,0,0,0,0,0,0,0,0.0,,,False,False,False,17,False,0.0,0.0
rakg_066,relation_aware_kg_rag,803,1,1,0,1,1,49,754,0.06102117061021171,0.0,True,True,True,False,18,False,0.5,1.0
rakg_066,relation_aware_kg_only,49,1,0,0,1,1,49,0,1.0,0.0,,True,False,False,18,False,0.5,1.0
rakg_066,relation_aware_kg_source,803,1,1,0,1,1,49,754,0.06102117061021171,0.0,True,True,True,False,18,False,0.5,1.0
rakg_066,relation_aware_kg_dense,803,1,1,0,1,1,49,754,0.06102117061021171,0.0,True,True,True,False,18,False,0.5,1.0
rakg_066,relation_aware_kg_dense_bm25,1500,1,1,1,1,1,49,1451,0.03266666666666666,0.0,True,True,True,True,17,False,0.434783,0.833333
rakg_067,vanilla_dense_rag,1223,0,0,0,0,0,0,0,0.0,,,False,False,False,81,False,0.103093,0.357143
rakg_067,relation_aware_kg_rag,1351,1,1,0,1,1,126,1225,0.09326424870466321,0.0,True,True,True,False,86,False,0.117647,0.357143
rakg_067,relation_aware_kg_only,126,1,0,0,1,1,126,0,1.0,0.0,,True,False,False,38,False,0.592593,1.0
rakg_067,relation_aware_kg_source,1351,1,1,0,1,1,126,1225,0.09326424870466321,0.0,True,True,True,False,81,False,0.103093,0.357143
rakg_067,relation_aware_kg_dense,1351,1,1,0,1,1,126,1225,0.09326424870466321,0.0,True,True,True,False,81,False,0.103093,0.357143
rakg_067,relation_aware_kg_dense_bm25,1500,1,1,1,1,1,126,1374,0.084,0.0,True,True,True,True,87,False,0.135922,0.357143
rakg_068,vanilla_dense_rag,1500,0,0,0,0,0,0,0,0.0,,,False,False,False,16,False,0.0,0.0
rakg_068,relation_aware_kg_rag,1500,1,1,0,1,1,366,1134,0.244,0.0,True,True,True,False,12,False,0.0,0.0
rakg_068,relation_aware_kg_only,366,1,0,0,1,1,366,0,1.0,0.0,,True,False,False,10,False,0.666667,1.0
rakg_068,relation_aware_kg_source,1500,1,1,0,1,1,366,1134,0.244,0.0,True,True,True,False,12,False,0.0,0.0
rakg_068,relation_aware_kg_dense,1500,1,1,0,1,1,366,1134,0.244,0.0,True,True,True,False,12,False,0.0,0.0
rakg_068,relation_aware_kg_dense_bm25,1500,1,1,0,1,1,366,1134,0.244,0.0,True,True,True,False,12,False,0.0,0.0
rakg_069,vanilla_dense_rag,1487,0,0,0,0,0,0,0,0.0,,,False,False,False,90,False,0.039604,0.2
rakg_069,relation_aware_kg_rag,1500,1,1,0,1,1,81,1419,0.054,0.0,True,True,True,False,15,False,0.076923,0.1
rakg_069,relation_aware_kg_only,81,1,0,0,1,1,81,0,1.0,0.0,,True,False,False,21,False,0.6875,1.0
rakg_069,relation_aware_kg_source,1500,1,1,0,1,1,81,1419,0.054,0.0,True,True,True,False,15,False,0.076923,0.1
rakg_069,relation_aware_kg_dense,1500,1,1,0,1,1,81,1419,0.054,0.0,True,True,True,False,15,False,0.076923,0.1
rakg_069,relation_aware_kg_dense_bm25,1500,1,1,0,1,1,81,1419,0.054,0.0,True,True,True,False,15,False,0.076923,0.1
rakg_070,vanilla_dense_rag,859,0,0,0,0,0,0,0,0.0,,,False,False,False,18,False,0.086957,0.2
rakg_070,relation_aware_kg_rag,1500,14,1,0,10,14,745,755,0.49666666666666665,0.0,True,True,True,False,23,False,0.071429,0.2
rakg_070,relation_aware_kg_only,745,14,0,0,10,14,745,0,1.0,0.0,,True,False,False,17,False,0.0,0.0
rakg_070,relation_aware_kg_source,1500,14,1,0,10,14,745,755,0.49666666666666665,0.0,True,True,True,False,23,False,0.071429,0.2
rakg_070,relation_aware_kg_dense,1500,14,1,0,10,14,745,755,0.49666666666666665,0.0,True,True,True,False,23,False,0.071429,0.2
rakg_070,relation_aware_kg_dense_bm25,1500,14,1,0,10,14,745,755,0.49666666666666665,0.0,True,True,True,False,23,False,0.071429,0.2
rakg_071,vanilla_dense_rag,1500,0,0,0,0,0,0,0,0.0,,,False,False,False,36,False,0.0,0.0
rakg_071,relation_aware_kg_rag,1500,1,1,0,1,1,43,1457,0.028666666666666667,0.0,True,True,True,False,36,False,0.0,0.0
rakg_071,relation_aware_kg_only,43,1,0,0,1,1,43,0,1.0,0.0,,True,False,False,5,False,0.333333,1.0
rakg_071,relation_aware_kg_source,1500,1,1,0,1,1,43,1457,0.028666666666666667,0.0,True,True,True,False,34,False,0.0,0.0
rakg_071,relation_aware_kg_dense,1500,1,1,0,1,1,43,1457,0.028666666666666667,0.0,True,True,True,False,38,False,0.0,0.0
rakg_071,relation_aware_kg_dense_bm25,1500,1,1,0,1,1,43,1457,0.028666666666666667,0.0,True,True,True,False,38,False,0.0,0.0
rakg_072,vanilla_dense_rag,1171,0,0,0,0,0,0,0,0.0,,,False,False,False,87,False,0.021277,0.142857
rakg_072,relation_aware_kg_rag,1500,4,1,0,3,4,398,1102,0.2653333333333333,0.0,True,True,True,False,100,False,0.075472,0.571429
rakg_072,relation_aware_kg_only,398,4,0,0,3,4,398,0,1.0,0.0,,True,False,False,35,False,0.285714,0.857143
rakg_072,relation_aware_kg_source,1500,4,1,0,3,4,398,1102,0.2653333333333333,0.0,True,True,True,False,100,False,0.075472,0.571429
rakg_072,relation_aware_kg_dense,1500,4,1,0,3,4,398,1102,0.2653333333333333,0.0,True,True,True,False,98,False,0.076923,0.571429
rakg_072,relation_aware_kg_dense_bm25,1500,4,1,0,3,4,398,1102,0.2653333333333333,0.0,True,True,True,False,98,False,0.076923,0.571429
