question_id,prompt_variant,question,reference_answer,rouge_l,coverage,exact_match,idk,delta_rouge_l_vs_P1,delta_coverage_vs_P1,answer
rakg_001,P1_current,What does a payload carried by Chandrayaan-3 observes?,Moon,0.133333,1.0,0.0,False,0.0,0.0,The payloads carried by Chandrayaan-3 observe the Moon by remote sensing and in-situ techniques.
rakg_001,P2_kg_priority,What does a payload carried by Chandrayaan-3 observes?,Moon,0.222222,1.0,0.0,False,0.088889,0.0,The payloads carried by Chandrayaan-3 observe the Moon.
rakg_001,P3_structured_evidence,What does a payload carried by Chandrayaan-3 observes?,Moon,0.030303,1.0,0.0,False,-0.10303000000000001,0.0,"Chandrayaan-3 carries eight payloads that observe the Moon by remote sensing and in-situ techniques. These payloads include:

1. High-Resolution Camera (HRC)
2. Medium-Resolution Camera (MRC)
3. Low-Resolution Camera (LRC)
4. Infrared Reflectometer (IRR)
5. Spectral Radiometer (SR)
6. Thermal Mapper (TM)
7. Magnetometer (MAG)
8. Mass Spectrometer (MASS)

The payloads collect data on various aspects of the Moon, such as its surface topography, mineralogy, composition"
rakg_002,P1_current,Which organization developed a payload carried by Aditya-L1?,U R Rao Satellite Centre (URSC),0.0,0.0,0.0,False,0.0,0.0,The payloads carried by Aditya-L1 were developed by the Indian Space Research Organization (ISRO) and two Indian academic institutes in collaboration with ISRO.
rakg_002,P2_kg_priority,Which organization developed a payload carried by Aditya-L1?,U R Rao Satellite Centre (URSC),0.0,0.0,0.0,False,0.0,0.0,The payloads carried by Aditya-L1 were developed by the Indian Space Research Organization (ISRO) and two Indian academic institutes in collaboration with ISRO.
rakg_002,P3_structured_evidence,Which organization developed a payload carried by Aditya-L1?,U R Rao Satellite Centre (URSC),0.0,0.0,0.0,False,0.0,0.0,The payloads carried by Aditya-L1 were developed by the Indian Space Research Organization (ISRO) and two Indian academic institutes in collaboration with ISRO.
rakg_005,P1_current,Which organization developed a payload carried by Aditya-L1?,Inter University Centre for Astronomy and Astrophysics (IUCAA),0.064516,0.125,0.0,False,0.0,0.0,The payloads carried by Aditya-L1 were developed by the Indian Space Research Organization (ISRO) and two Indian academic institutes in collaboration with ISRO.
rakg_005,P2_kg_priority,Which organization developed a payload carried by Aditya-L1?,Inter University Centre for Astronomy and Astrophysics (IUCAA),0.064516,0.125,0.0,False,0.0,0.0,The payloads carried by Aditya-L1 were developed by the Indian Space Research Organization (ISRO) and two Indian academic institutes in collaboration with ISRO.
rakg_005,P3_structured_evidence,Which organization developed a payload carried by Aditya-L1?,Inter University Centre for Astronomy and Astrophysics (IUCAA),0.064516,0.125,0.0,False,0.0,0.0,The payloads carried by Aditya-L1 were developed by the Indian Space Research Organization (ISRO) and two Indian academic institutes in collaboration with ISRO.
rakg_007,P1_current,Which organization developed a payload carried by AstroSat?,Tata Institute of Fundamental Research (TIFR),0.111111,0.166667,0.0,False,0.0,0.0,The Indian Space Research Organisation (ISRO) developed a payload carried by AstroSat.
rakg_007,P2_kg_priority,Which organization developed a payload carried by AstroSat?,Tata Institute of Fundamental Research (TIFR),0.111111,0.166667,0.0,False,0.0,0.0,The Indian Space Research Organisation (ISRO) developed a payload carried by AstroSat.
rakg_007,P3_structured_evidence,Which organization developed a payload carried by AstroSat?,Tata Institute of Fundamental Research (TIFR),0.111111,0.166667,0.0,False,0.0,0.0,The Indian Space Research Organisation (ISRO) developed a payload carried by AstroSat.
rakg_008,P1_current,What is the objective of Imaging IR Spectrometer (IIRS)?,Globally map lunar mineralogy and volatiles at high spectral resolution.,0.029851,0.1,0.0,False,0.0,0.0,"The objective of the Imaging IR Spectrometer (IIRS) is to spectroscopically image a good fraction of the sky in the mid-IR wavelengths (1.7-6.4 micron) and explore various astronomical phenomena such as star-formation, globular clusters, young massive clusters in nearby galaxies, dwarf systems both in the local and distant Universe, clusters, filaments and voids in the UV/optical wavelength."
rakg_008,P2_kg_priority,What is the objective of Imaging IR Spectrometer (IIRS)?,Globally map lunar mineralogy and volatiles at high spectral resolution.,0.037736,0.2,0.0,False,0.007885,0.1,"The objective of the Imaging IR Spectrometer (IIRS) is to produce high-resolution deep UV-optical images and carry out low to medium resolution spectroscopy. The IIRS mission is a collaborative project between various institutions in the country, such as IIA, IUCAA, ARIES, PRL, TIFR, and Christ University with IIA as the lead institution. The mission will explore a variety of galactic and extragalactic sources, including SNe, GRBs, globular clusters, young massive clusters in nearby galaxies, star-formation in regular spiral galaxies, and various dwarf systems both in the local and distant Universe. It will also explore clusters, fil"
rakg_008,P3_structured_evidence,What is the objective of Imaging IR Spectrometer (IIRS)?,Globally map lunar mineralogy and volatiles at high spectral resolution.,0.043478,0.1,0.0,False,0.013627000000000004,0.0,The objective of the Imaging IR Spectrometer (IIRS) is to spectroscopically image a good fraction of the sky in the mid-IR wavelengths (1.7-6.4 micron) and to study various celestial objects and phenomena in this wavelength range.
rakg_009,P1_current,Which organization developed Cadmium-Zinc-Telluride Imager (CZTI)?,Tata Institute of Fundamental Research (TIFR),0.0,0.0,0.0,False,0.0,0.0,The organization that developed the Cadmium-Zinc-Telluride Imager (CZTI) is not mentioned in the provided context.
rakg_009,P2_kg_priority,Which organization developed Cadmium-Zinc-Telluride Imager (CZTI)?,Tata Institute of Fundamental Research (TIFR),0.0,0.0,0.0,False,0.0,0.0,The organization that developed Cadmium-Zinc-Telluride Imager (CZTI) is not mentioned in the provided evidence.
rakg_009,P3_structured_evidence,Which organization developed Cadmium-Zinc-Telluride Imager (CZTI)?,Tata Institute of Fundamental Research (TIFR),0.105263,0.166667,0.0,False,0.105263,0.166667,The Cadmium-Zinc-Telluride Imager (CZTI) was developed by the Indian Space Research Organization (ISRO).
rakg_010,P1_current,Which organization developed a payload carried by AstroSat?,Indian Space Research Organisation (ISRO),0.588235,1.0,0.0,False,0.0,0.0,The Indian Space Research Organisation (ISRO) developed a payload carried by AstroSat.
rakg_010,P2_kg_priority,Which organization developed a payload carried by AstroSat?,Indian Space Research Organisation (ISRO),0.588235,1.0,0.0,False,0.0,0.0,The Indian Space Research Organisation (ISRO) developed a payload carried by AstroSat.
rakg_010,P3_structured_evidence,Which organization developed a payload carried by AstroSat?,Indian Space Research Organisation (ISRO),0.588235,1.0,0.0,False,0.0,0.0,The Indian Space Research Organisation (ISRO) developed a payload carried by AstroSat.
rakg_012,P1_current,Which organization developed Soft X-ray Telescope (SXT)?,Tata Institute of Fundamental Research (TIFR),0.0,0.0,0.0,False,0.0,0.0,The organization that developed the Soft X-ray Telescope (SXT) is not mentioned in the provided context.
rakg_012,P2_kg_priority,Which organization developed Soft X-ray Telescope (SXT)?,Tata Institute of Fundamental Research (TIFR),0.1,0.166667,0.0,False,0.1,0.166667,The Soft X-ray Telescope (SXT) was developed by the Indian Space Research Organization (ISRO).
rakg_012,P3_structured_evidence,Which organization developed Soft X-ray Telescope (SXT)?,Tata Institute of Fundamental Research (TIFR),0.1,0.166667,0.0,False,0.1,0.166667,The Soft X-ray Telescope (SXT) was developed by the Indian Space Research Organization (ISRO).
rakg_015,P1_current,Which organization developed Sub keV Atom Reflecting Analyzer (SARA)?,ESA,0.0,0.0,0.0,False,0.0,0.0,The Sub keV Atom Reflecting Analyzer (SARA) was not mentioned in the provided context.
rakg_015,P2_kg_priority,Which organization developed Sub keV Atom Reflecting Analyzer (SARA)?,ESA,0.0,0.0,0.0,False,0.0,0.0,The Sub keV Atom Reflecting Analyzer (SARA) was developed by the Physical Research Laboratory (PRL).
rakg_015,P3_structured_evidence,Which organization developed Sub keV Atom Reflecting Analyzer (SARA)?,ESA,0.0,0.0,0.0,False,0.0,0.0,The Sub keV Atom Reflecting Analyzer (SARA) was developed by the Physical Research Laboratory (PRL) in India.
rakg_016,P1_current,What is the objective of Moon Impact Probe (MIP)?,Demonstrate probe impact technologies and qualify technologies for future soft-landing missions.,0.129032,0.6,0.0,False,0.0,0.0,"The objective of the Moon Impact Probe (MIP) is to study the lunar surface and its composition in detail. The MIP will be carried by the Chandrayaan-2 spacecraft and will impact the lunar surface at a predetermined location. The probe will then deploy a set of instruments to collect data on the surface composition, including the presence of water and other elements. This data will help scientists better understand the Moon's geology and history, and could have implications for future lunar missions."
rakg_016,P2_kg_priority,What is the objective of Moon Impact Probe (MIP)?,Demonstrate probe impact technologies and qualify technologies for future soft-landing missions.,0.074074,0.3,0.0,False,-0.05495800000000001,-0.3,"The objective of Moon Impact Probe (MIP) is to study the lunar surface and the impact of the Lander, Vikram, on the surface. The MIP will observe the surface and relay communication between Earth and Chandrayaan 2's Lander. The MIP will also study the extent of water molecule distribution on the surface, below the surface, and in the tenuous lunar exosphere to address the origin of water on the Moon."
rakg_016,P3_structured_evidence,What is the objective of Moon Impact Probe (MIP)?,Demonstrate probe impact technologies and qualify technologies for future soft-landing missions.,0.116505,0.6,0.0,False,-0.01252700000000001,0.0,"The objective of the Moon Impact Probe (MIP) is to study the lunar surface and its composition in detail. The MIP will impact the lunar surface at a high speed and will then bounce off, collecting data on the surface's composition, temperature, and other properties. This information will help scientists better understand the Moon's geology and history, as well as its potential for hosting resources such as water and minerals. The MIP will also provide valuable data for future lunar missions, including those aimed at establishing a human presence on the Moon."
rakg_017,P1_current,What does a payload carried by Chandrayaan-1 observes?,water ice in permanently shadowed lunar polar regions,0.0,0.0,0.0,False,0.0,0.0,"A payload carried by Chandrayaan-1 observes the Moon's X-ray Fluorescence (XRF) spectra to examine the presence of major elements such as Magnesium, Aluminium, Silicon, Calcium, Titanium, Iron, and Sodium. The XRF technique will detect these elements by measuring the characteristic X-rays they emit when excited by the Sun's rays."
rakg_017,P2_kg_priority,What does a payload carried by Chandrayaan-1 observes?,water ice in permanently shadowed lunar polar regions,0.088235,0.375,0.0,False,0.088235,0.375,The payload carried by Chandrayaan-1 observes the Moon's surface in the panchromatic spectral band (0.5-0.8 microns) with a high spatial resolution of 5 m and a swath of 20 km from 100 km lunar polar orbit. The data collected by this payload will give us clues about the Moon's evolution and help us prepare 3D maps of the lunar surface.
rakg_017,P3_structured_evidence,What does a payload carried by Chandrayaan-1 observes?,water ice in permanently shadowed lunar polar regions,0.083333,0.375,0.0,False,0.083333,0.375,Chandrayaan-1 observes the Moon's surface in the panchromatic spectral band (0.5-0.8 microns) with a high spatial resolution of 5 m and a swath of 20 km from 100 km lunar polar orbit. The data collected by the Terrain Mapping Camera used onboard the Chandrayaan 1 mission will give us clues about the Moon's evolution and help us prepare 3D maps of the lunar surface.
rakg_018,P1_current,Where was Chandrayaan-1 launched from?,"Satish Dhawan Space Centre SHAR, Sriharikota",0.111111,0.166667,0.0,False,0.0,0.0,"Chandrayaan-1 was launched from the Satellite Launch Center (SLC) at Sriharikota, India."
rakg_018,P2_kg_priority,Where was Chandrayaan-1 launched from?,"Satish Dhawan Space Centre SHAR, Sriharikota",0.0,0.0,0.0,True,-0.111111,-0.166667,I don't know. The supplied evidence does not mention where Chandrayaan-1 was launched from.
rakg_018,P3_structured_evidence,Where was Chandrayaan-1 launched from?,"Satish Dhawan Space Centre SHAR, Sriharikota",0.222222,0.333333,0.0,False,0.111111,0.16666599999999998,"Chandrayaan-1 was launched from the Satellite Launch Centre (SLC) at Sriharikota, India."
rakg_019,P1_current,Where was Aditya-L1 launched from?,"Satish Dhawan Space Centre SHAR, Sriharikota",0.181818,0.5,0.0,False,0.0,0.0,"Aditya-L1 was launched from SDSC SHAR (Sriharsha Space Centre, Satellite Hub and Rocket Assembly) in India."
rakg_019,P2_kg_priority,Where was Aditya-L1 launched from?,"Satish Dhawan Space Centre SHAR, Sriharikota",0.173913,0.5,0.0,False,-0.007904999999999995,0.0,"Aditya-L1 was launched from SDSC SHAR (Sriharsha Space Centre, Satellite Hub and Research Centre, Spaceport and Headquarters)."
rakg_019,P3_structured_evidence,Where was Aditya-L1 launched from?,"Satish Dhawan Space Centre SHAR, Sriharikota",0.142857,0.5,0.0,False,-0.038960999999999996,0.0,"Aditya-L1 was launched from SDSC SHAR (Sriharsha Space Centre, Satellite Hub and Research Centre, Spaceport and Headquarters) in Sriharsha, Andhra Pradesh, India."
rakg_020,P1_current,Where was Chandrayaan-2 launched from?,"Satish Dhawan Space Centre SHAR, Sriharikota",0.307692,0.333333,0.0,False,0.0,0.0,"Chandrayaan-2 was launched from SDSC SHAR, Sriharikota."
rakg_020,P2_kg_priority,Where was Chandrayaan-2 launched from?,"Satish Dhawan Space Centre SHAR, Sriharikota",0.0,0.0,0.0,True,-0.307692,-0.333333,I don't know. The provided KG evidence does not mention where Chandrayaan-2 was launched from.
rakg_020,P3_structured_evidence,Where was Chandrayaan-2 launched from?,"Satish Dhawan Space Centre SHAR, Sriharikota",0.2,0.666667,0.0,False,-0.10769200000000001,0.333334,"Chandrayaan-2 was launched from the Satellite Launch Vehicle (SLV) MkIII-M1 vehicle from the Sriharikota Space Centre (SDSC SHAR) in India on July 22, 2019."
rakg_022,P1_current,Which organization developed a payload carried by AstroSat?,Tata Institute of Fundamental Research (TIFR),0.111111,0.166667,0.0,False,0.0,0.0,The Indian Space Research Organisation (ISRO) developed a payload carried by AstroSat.
rakg_022,P2_kg_priority,Which organization developed a payload carried by AstroSat?,Tata Institute of Fundamental Research (TIFR),0.111111,0.166667,0.0,False,0.0,0.0,The Indian Space Research Organisation (ISRO) developed a payload carried by AstroSat.
rakg_022,P3_structured_evidence,Which organization developed a payload carried by AstroSat?,Tata Institute of Fundamental Research (TIFR),0.111111,0.166667,0.0,False,0.0,0.0,The Indian Space Research Organisation (ISRO) developed a payload carried by AstroSat.
rakg_023,P1_current,Which organization developed a payload carried by Aditya-L1?,Vikram Sarabhai Space Centre (VSSC),0.071429,0.2,0.0,False,0.0,0.0,The payloads carried by Aditya-L1 were developed by the Indian Space Research Organization (ISRO) and two Indian academic institutes in collaboration with ISRO.
rakg_023,P2_kg_priority,Which organization developed a payload carried by Aditya-L1?,Vikram Sarabhai Space Centre (VSSC),0.071429,0.2,0.0,False,0.0,0.0,The payloads carried by Aditya-L1 were developed by the Indian Space Research Organization (ISRO) and two Indian academic institutes in collaboration with ISRO.
rakg_023,P3_structured_evidence,Which organization developed a payload carried by Aditya-L1?,Vikram Sarabhai Space Centre (VSSC),0.071429,0.2,0.0,False,0.0,0.0,The payloads carried by Aditya-L1 were developed by the Indian Space Research Organization (ISRO) and two Indian academic institutes in collaboration with ISRO.
rakg_025,P1_current,What is the objective of Miniature Synthetic Aperature Radar (Mini SAR)?,Detect water ice in permanently shadowed lunar polar regions to a depth of a few meters.,0.05,0.266667,0.0,False,0.0,0.0,"The objective of Miniature Synthetic Aperature Radar (Mini SAR) is to provide high-resolution imaging of the Earth's surface in various polarizations and frequencies, which can be used for precision agriculture, irrigation monitoring, and sustainable land resource management. The Mini SAR system is designed to acquire data in HH and HV polarizations and can be used to identify center-pivot irrigation systems, agricultural fields, and surrounding terrain. The data can be used to support precision agriculture by providing information on crop health, moisture content, and soil properties. Additionally, the Mini SAR system can be used for environmental change assessment and monitoring of glaciers and ice dynamics."
rakg_025,P2_kg_priority,What is the objective of Miniature Synthetic Aperature Radar (Mini SAR)?,Detect water ice in permanently shadowed lunar polar regions to a depth of a few meters.,0.08,0.333333,0.0,False,0.03,0.066666,"The objective of Miniature Synthetic Aperature Radar (Mini SAR) is to provide high-resolution imagery of the Earth's surface for various applications such as precision agriculture, irrigation monitoring, and sustainable land resource management. The Mini SAR system uses a small radar antenna to collect data and synthesizes it to produce high-resolution images with a resolution of 30 meters. The Mini SAR system is designed to operate in various weather conditions and can be used for applications such as disaster response, environmental monitoring, and urban planning."
rakg_025,P3_structured_evidence,What is the objective of Miniature Synthetic Aperature Radar (Mini SAR)?,Detect water ice in permanently shadowed lunar polar regions to a depth of a few meters.,0.06,0.2,0.0,False,0.009999999999999995,-0.06666699999999998,"The objective of Miniature Synthetic Aperature Radar (Mini SAR) is to provide high-resolution imaging of the Earth's surface using radar technology. Mini SAR systems are designed to be compact and lightweight, making them suitable for use on small satellites or unmanned aerial vehicles (UAVs). They use synthetic aperture techniques to achieve high resolution, which allows them to image small areas with high detail. Mini SAR systems are used for a variety of applications, including precision agriculture, environmental monitoring, disaster response, and military intelligence gathering."
rakg_026,P1_current,Which organization developed Aditya Solar wind Particle Experiment (ASPEX)?,Physical Research Laboratory (PRL),0.352941,0.75,0.0,False,0.0,0.0,"Aditya Solar wind Particle Experiment (ASPEX) was developed at Physical Research Laboratory, Ahmedabad."
rakg_026,P2_kg_priority,Which organization developed Aditya Solar wind Particle Experiment (ASPEX)?,Physical Research Laboratory (PRL),0.352941,0.75,0.0,False,0.0,0.0,"Aditya Solar wind Particle Experiment (ASPEX) was developed at Physical Research Laboratory, Ahmedabad."
rakg_026,P3_structured_evidence,Which organization developed Aditya Solar wind Particle Experiment (ASPEX)?,Physical Research Laboratory (PRL),0.352941,0.75,0.0,False,0.0,0.0,"Aditya Solar wind Particle Experiment (ASPEX) was developed at Physical Research Laboratory, Ahmedabad."
