question_id,category,kg_required,split,relation_type,vanilla_rouge_l,corrected_kg_rouge_l,relation_aware_rouge_l,vanilla_coverage,corrected_kg_coverage,relation_aware_coverage,primary_minus_vanilla_rouge_l,primary_minus_vanilla_coverage,required_path_found,valid_provenance,path_count,evidence_count,context_token_count,failure_category
rakg_001,TWO_HOP_RELATION,YES,development,HAS_PAYLOAD|OBSERVES,0.0,0.0,0.045455,0.0,0.0,1.0,0.045455,1.0,True,True,9,9,1500,
rakg_002,MULTI_RELATION,YES,development,HAS_PAYLOAD|DEVELOPED_BY,0.0,0.0,0.0,0.0,0.0,0.0,0.0,0.0,True,True,14,14,1500,
rakg_003,DIRECT_CONTROL,NO,development,LAUNCHED_ON,0.0,0.0,0.0,0.0,0.0,0.0,0.0,0.0,True,True,1,1,1398,
rakg_004,DIRECT_CONTROL,NO,development,LAUNCHED_BY,0.0,0.0,0.0,0.0,0.0,0.0,0.0,0.0,True,True,1,1,1153,
rakg_005,MULTI_RELATION,YES,evaluation,HAS_PAYLOAD|DEVELOPED_BY,0.076923,0.076923,0.064516,0.125,0.125,0.125,-0.012407000000000001,0.0,True,True,14,14,1500,generation
rakg_006,DIRECT_CONTROL,NO,development,LAUNCHED_BY,0.2,0.2,0.0,1.0,1.0,0.0,-0.2,-1.0,True,True,1,1,1009,generation
rakg_007,MULTI_RELATION,YES,development,HAS_PAYLOAD|DEVELOPED_BY,0.526316,0.526316,0.111111,0.833333,0.833333,0.166667,-0.415205,-0.666666,True,True,10,10,1500,generation
rakg_008,SINGLE_RELATION,YES,development,HAS_OBJECTIVE,0.03125,0.040404,0.03125,0.1,0.2,0.1,0.0,0.0,True,True,1,1,1344,
rakg_009,SINGLE_RELATION,YES,development,DEVELOPED_BY,0.526316,0.526316,0.105263,1.0,1.0,0.166667,-0.421053,-0.833333,True,True,1,1,1121,generation
rakg_010,MULTI_RELATION,YES,evaluation,HAS_PAYLOAD|DEVELOPED_BY,0.060606,0.111111,0.588235,0.4,0.2,1.0,0.5276289999999999,0.6,True,True,10,10,1500,
rakg_011,DIRECT_CONTROL,NO,development,LAUNCHED_BY,0.0,0.0,0.0,0.0,0.0,0.0,0.0,0.0,True,True,1,1,480,
rakg_012,SINGLE_RELATION,YES,development,DEVELOPED_BY,0.1,0.1,0.0,0.166667,0.166667,0.0,-0.1,-0.166667,True,True,1,1,1500,generation
rakg_013,DIRECT_CONTROL,NO,development,LAUNCHED_ON,0.0,0.0,0.0,0.0,0.0,0.0,0.0,0.0,True,True,1,1,1196,
rakg_014,DIRECT_CONTROL,NO,development,LAUNCHED_BY,0.2,0.2,0.363636,0.5,0.5,1.0,0.163636,0.5,True,True,1,1,690,
rakg_015,SINGLE_RELATION,YES,evaluation,DEVELOPED_BY,0.0,0.0,0.0,0.0,0.0,0.0,0.0,0.0,True,True,2,2,1500,
rakg_016,SINGLE_RELATION,YES,development,HAS_OBJECTIVE,0.090909,0.053097,0.059406,0.6,0.4,0.3,-0.031503,-0.3,True,True,1,1,1500,generation
rakg_017,TWO_HOP_RELATION,YES,development,HAS_PAYLOAD|OBSERVES,0.0,0.0,0.021277,0.0,0.0,0.125,0.021277,0.125,True,True,13,13,1063,
rakg_018,DIRECT_CONTROL,YES,development,LAUNCHED_FROM,0.625,0.625,0.625,0.833333,0.833333,0.833333,0.0,0.0,True,True,1,1,1403,
rakg_019,DIRECT_CONTROL,YES,development,LAUNCHED_FROM,0.16,0.235294,0.210526,0.5,0.5,0.5,0.05052599999999999,0.0,True,True,1,1,1382,
rakg_020,DIRECT_CONTROL,YES,evaluation,LAUNCHED_FROM,0.307692,0.25,0.307692,0.333333,0.333333,0.333333,0.0,0.0,True,True,1,1,1201,
rakg_021,DIRECT_CONTROL,NO,development,LAUNCHED_ON,0.0,0.0,0.0,0.0,0.0,0.0,0.0,0.0,True,True,1,1,1138,
rakg_022,MULTI_RELATION,YES,development,HAS_PAYLOAD|DEVELOPED_BY,0.526316,0.204082,0.111111,0.833333,0.833333,0.166667,-0.415205,-0.666666,True,True,10,10,1500,generation
rakg_023,MULTI_RELATION,YES,development,HAS_PAYLOAD|DEVELOPED_BY,0.0,0.0,0.071429,0.0,0.0,0.2,0.071429,0.2,True,True,14,14,1500,
rakg_024,DIRECT_CONTROL,NO,development,LAUNCHED_BY,0.0,0.064516,0.0,0.0,1.0,0.0,0.0,0.0,True,True,1,1,1500,
rakg_025,SINGLE_RELATION,YES,evaluation,HAS_OBJECTIVE,0.08,0.064516,0.082474,0.266667,0.2,0.2,0.002474000000000004,-0.06666699999999998,True,True,1,1,1269,
rakg_026,SINGLE_RELATION,YES,development,DEVELOPED_BY,0.266667,0.266667,0.421053,1.0,1.0,1.0,0.15438600000000002,0.0,True,True,1,1,816,
rakg_027,DIRECT_CONTROL,YES,development,LAUNCHED_BY,0.0,0.0,0.0,0.0,0.0,0.0,0.0,0.0,True,True,1,1,1153,
rakg_028,DIRECT_CONTROL,NO,development,LAUNCHED_ON,0.0,0.0,0.0,0.0,0.0,0.0,0.0,0.0,True,True,1,1,464,
rakg_029,SINGLE_RELATION,YES,development,DEVELOPED_BY,0.32,0.32,0.5,0.8,0.8,1.0,0.18,0.19999999999999996,True,True,1,1,670,
rakg_030,TWO_HOP_RELATION,YES,evaluation,HAS_PAYLOAD|OBSERVES,0.0,0.0,0.046512,0.0,0.0,0.25,0.046512,0.25,True,True,10,10,1387,
rakg_031,TWO_HOP_RELATION,YES,development,HAS_PAYLOAD|OBSERVES,0.222222,0.153846,0.0,1.0,1.0,0.0,-0.222222,-1.0,True,True,10,10,1387,generation
rakg_032,SINGLE_RELATION,YES,development,DEVELOPED_BY,0.5,0.5,0.272727,1.0,1.0,0.6,-0.227273,-0.4,True,True,1,1,1500,generation
rakg_033,SINGLE_RELATION,YES,development,HAS_OBJECTIVE,0.0,0.0,0.0,0.0,0.0,0.0,0.0,0.0,True,True,1,1,1500,
rakg_034,TWO_HOP_RELATION,YES,development,HAS_PAYLOAD|OBSERVES,0.153846,0.153846,0.0,1.0,1.0,0.0,-0.153846,-1.0,True,True,10,10,1387,generation
rakg_035,DIRECT_CONTROL,YES,evaluation,LAUNCHED_BY,0.2,0.2,0.0,1.0,1.0,0.0,-0.2,-1.0,True,True,1,1,1009,generation
rakg_036,SINGLE_RELATION,YES,development,DEVELOPED_BY,0.0,0.0,0.0,0.0,0.0,0.0,0.0,0.0,True,True,2,2,1500,
rakg_037,DIRECT_CONTROL,YES,development,LAUNCHED_BY,0.2,0.2,0.363636,0.5,0.5,1.0,0.163636,0.5,True,True,1,1,690,
rakg_038,TWO_HOP_RELATION,YES,development,HAS_PAYLOAD|STUDIES,0.0,0.0,0.021053,0.0,0.0,1.0,0.021053,1.0,True,True,13,13,1500,
rakg_039,DIRECT_CONTROL,NO,development,LAUNCHED_BY,0.0,0.0,0.0,0.0,0.0,0.0,0.0,0.0,True,True,1,1,1235,
rakg_040,MULTI_RELATION,YES,evaluation,HAS_PAYLOAD|DEVELOPED_BY,0.0,0.0,0.0,0.0,0.0,0.0,0.0,0.0,True,True,14,14,1500,
rakg_041,SINGLE_RELATION,YES,development,HAS_OBJECTIVE,0.131579,0.114286,0.133333,0.5,0.416667,0.5,0.0017540000000000056,0.0,True,True,1,1,1500,
rakg_042,MULTI_RELATION,YES,development,HAS_PAYLOAD|DEVELOPED_BY,0.0,0.0,0.0,0.0,0.0,0.0,0.0,0.0,True,True,14,14,1500,
rakg_043,TWO_HOP_RELATION,YES,development,HAS_PAYLOAD|OBSERVES,0.1,0.1,0.081633,0.166667,0.166667,0.666667,-0.01836700000000001,0.5,True,True,15,15,1500,generation
rakg_044,DIRECT_CONTROL,NO,development,LAUNCHED_ON,0.0,0.0,0.0,0.0,0.0,0.0,0.0,0.0,True,True,1,1,1377,
rakg_045,DIRECT_CONTROL,NO,evaluation,LAUNCHED_ON,0.0,0.0,0.0,0.0,0.0,0.0,0.0,0.0,True,True,1,1,1156,
rakg_046,SINGLE_RELATION,YES,development,DEVELOPED_BY,0.0,0.0,0.454545,0.0,0.0,1.0,0.454545,1.0,True,True,1,1,1036,
rakg_047,DIRECT_CONTROL,YES,development,LAUNCHED_BY,0.0,0.0,0.0,0.0,0.0,0.0,0.0,0.0,True,True,1,1,1235,
rakg_048,SINGLE_RELATION,YES,development,HAS_OBJECTIVE,0.0,0.0,0.034783,0.0,0.0,0.181818,0.034783,0.181818,True,True,1,1,1256,
rakg_049,SINGLE_RELATION,YES,development,DEVELOPED_BY,0.521739,0.521739,0.5,1.0,1.0,1.0,-0.021738999999999953,0.0,True,True,1,1,1500,generation
rakg_050,SINGLE_RELATION,YES,evaluation,DEVELOPED_BY,0.0,0.0,0.0,0.0,0.0,0.0,0.0,0.0,True,True,1,1,1343,
rakg_051,SINGLE_RELATION,YES,development,DEVELOPED_BY,0.0,0.0,0.521739,0.0,0.0,1.0,0.521739,1.0,True,True,1,1,829,
rakg_052,SINGLE_RELATION,YES,development,DEVELOPED_BY,0.071429,0.071429,0.071429,0.4,0.4,0.4,0.0,0.0,True,True,2,2,1500,
rakg_053,SINGLE_RELATION,YES,development,DEVELOPED_BY,0.0,0.0,0.0,0.0,0.0,0.0,0.0,0.0,True,True,2,2,1500,
rakg_054,DIRECT_CONTROL,YES,development,LAUNCHED_BY,0.0,0.0,0.0,0.0,0.0,0.0,0.0,0.0,True,True,1,1,480,
rakg_055,SINGLE_RELATION,YES,evaluation,HAS_OBJECTIVE,0.111111,0.079208,0.079208,0.4,0.4,0.4,-0.031903,0.0,True,True,1,1,1500,generation
rakg_056,TWO_HOP_RELATION,YES,development,HAS_PAYLOAD|OBSERVES,0.133333,0.133333,0.0,1.0,1.0,0.0,-0.133333,-1.0,True,True,15,15,1500,generation
rakg_057,SINGLE_RELATION,YES,development,HAS_OBJECTIVE,0.25641,0.25641,0.666667,0.9,0.9,1.0,0.410257,0.09999999999999998,True,True,2,2,844,
rakg_058,DIRECT_CONTROL,YES,development,LAUNCHED_FROM,0.0,0.0,0.75,0.0,0.0,1.0,0.75,1.0,True,True,1,1,469,
rakg_059,SINGLE_RELATION,YES,development,DEVELOPED_BY,0.0,0.0,0.0,0.0,0.0,0.0,0.0,0.0,True,True,1,1,1404,
rakg_060,SINGLE_RELATION,YES,evaluation,DEVELOPED_BY,0.1,0.095238,0.095238,0.2,0.2,0.2,-0.004762000000000002,0.0,True,True,1,1,1412,generation
rakg_061,TWO_HOP_RELATION,YES,development,HAS_PAYLOAD|OBSERVES,0.0,0.0,0.074074,0.0,0.0,0.5,0.074074,0.5,True,True,13,13,1063,
rakg_062,TWO_HOP_RELATION,YES,development,HAS_PAYLOAD|STUDIES,0.0,0.0,0.021505,0.0,0.0,1.0,0.021505,1.0,True,True,13,13,1500,
rakg_063,MULTI_RELATION,YES,development,HAS_PAYLOAD|DEVELOPED_BY,0.0,0.0,0.074074,0.0,0.0,0.25,0.074074,0.25,True,True,14,14,1500,
rakg_064,SINGLE_RELATION,YES,development,HAS_OBJECTIVE,0.030769,0.028571,0.025,0.166667,0.166667,0.166667,-0.005769,0.0,True,True,2,2,1500,generation
rakg_065,SINGLE_RELATION,YES,evaluation,HAS_OBJECTIVE,0.022989,0.022989,0.020619,0.125,0.125,0.125,-0.0023700000000000006,0.0,True,True,1,1,1276,generation
rakg_066,SINGLE_RELATION,YES,development,DEVELOPED_BY,0.0,0.0,0.5,0.0,0.0,1.0,0.5,1.0,True,True,1,1,803,
rakg_067,SINGLE_RELATION,YES,development,HAS_OBJECTIVE,0.103093,0.103093,0.117647,0.357143,0.357143,0.357143,0.014553999999999997,0.0,True,True,1,1,1351,
rakg_068,SINGLE_RELATION,YES,development,DEVELOPED_BY,0.0,0.0,0.0,0.0,0.0,0.0,0.0,0.0,True,True,1,1,1500,
rakg_069,SINGLE_RELATION,YES,development,HAS_OBJECTIVE,0.039604,0.056075,0.076923,0.2,0.3,0.1,0.037319000000000005,-0.1,True,True,1,1,1500,
rakg_070,MULTI_RELATION,YES,evaluation,HAS_PAYLOAD|DEVELOPED_BY,0.086957,0.086957,0.071429,0.2,0.2,0.2,-0.015528,0.0,True,True,14,14,1500,generation
rakg_071,DIRECT_CONTROL,YES,development,LAUNCHED_BY,0.0,0.0,0.0,0.0,0.0,0.0,0.0,0.0,True,True,1,1,1500,
rakg_072,SINGLE_RELATION,YES,development,HAS_OBJECTIVE,0.021277,0.021739,0.075472,0.142857,0.142857,0.571429,0.05419499999999999,0.42857199999999995,True,True,4,4,1500,
