question_id,category,condition,failure_category,rouge_l_difference,coverage_difference,conflict_classification,unsupported_claim_proxy
rakg_001,TWO_HOP_RELATION,C_TWO_STAGE,Evidence dilution,-0.059259000000000006,0.0,NO_CONFLICT,True
rakg_008,SINGLE_RELATION,B_STRUCTURED,Evidence dilution,-0.009355999999999996,0.0,KG_MORE_SPECIFIC,True
rakg_008,SINGLE_RELATION,C_TWO_STAGE,Evidence dilution,-0.004039999999999995,0.0,KG_MORE_SPECIFIC,True
rakg_010,MULTI_RELATION,B_STRUCTURED,Evidence dilution,-0.47712399999999994,-0.8,NO_CONFLICT,False
rakg_018,DIRECT_CONTROL,B_STRUCTURED,Evidence dilution,-0.625,-0.833333,KG_MORE_SPECIFIC,True
rakg_018,DIRECT_CONTROL,C_TWO_STAGE,Evidence dilution,-0.06944399999999995,0.0,KG_MORE_SPECIFIC,False
rakg_020,DIRECT_CONTROL,B_STRUCTURED,Evidence dilution,-0.05769200000000002,0.0,KG_MORE_SPECIFIC,False
rakg_023,MULTI_RELATION,C_TWO_STAGE,Evidence dilution,-0.071429,-0.2,DENSE_MORE_SPECIFIC,True
rakg_025,SINGLE_RELATION,B_STRUCTURED,Evidence dilution,0.0024500000000000077,-0.06666699999999998,KG_MORE_SPECIFIC,True
rakg_025,SINGLE_RELATION,C_TWO_STAGE,Evidence dilution,-0.035472,-0.06666699999999998,KG_MORE_SPECIFIC,True
rakg_026,SINGLE_RELATION,B_STRUCTURED,Evidence dilution,-0.27011,0.0,NO_CONFLICT,True
rakg_029,SINGLE_RELATION,B_STRUCTURED,Evidence dilution,-0.24358999999999997,0.0,DENSE_MORE_SPECIFIC,True
rakg_037,DIRECT_CONTROL,C_TWO_STAGE,Evidence dilution,-0.289562,0.0,KG_MORE_SPECIFIC,True
rakg_041,SINGLE_RELATION,C_TWO_STAGE,Evidence dilution,-0.133333,-0.5,KG_MORE_SPECIFIC,False
rakg_046,SINGLE_RELATION,B_STRUCTURED,Evidence dilution,-0.21977999999999998,0.0,DENSE_MORE_SPECIFIC,False
rakg_046,SINGLE_RELATION,C_TWO_STAGE,Evidence dilution,-0.021645000000000025,0.0,DENSE_MORE_SPECIFIC,False
rakg_048,SINGLE_RELATION,C_TWO_STAGE,Evidence dilution,-0.008246999999999997,0.0,KG_MORE_SPECIFIC,True
rakg_051,SINGLE_RELATION,B_STRUCTURED,Evidence dilution,-0.22905599999999993,0.0,DENSE_MORE_SPECIFIC,False
rakg_052,SINGLE_RELATION,B_STRUCTURED,Evidence dilution,-0.26190399999999997,-0.19999999999999996,NO_CONFLICT,True
rakg_057,SINGLE_RELATION,C_TWO_STAGE,Evidence dilution,-0.384616,0.0,KG_MORE_SPECIFIC,True
rakg_058,DIRECT_CONTROL,B_STRUCTURED,Evidence dilution,-0.336207,0.0,KG_MORE_SPECIFIC,True
rakg_060,SINGLE_RELATION,B_STRUCTURED,Evidence dilution,-0.004762000000000002,0.0,KG_MORE_SPECIFIC,False
rakg_060,SINGLE_RELATION,C_TWO_STAGE,Evidence dilution,-0.004762000000000002,0.0,KG_MORE_SPECIFIC,False
rakg_061,TWO_HOP_RELATION,B_STRUCTURED,Evidence dilution,0.07226900000000001,-0.333333,DENSE_MORE_SPECIFIC,True
rakg_062,TWO_HOP_RELATION,B_STRUCTURED,Evidence dilution,-0.0010529999999999984,0.0,NO_CONFLICT,True
rakg_063,MULTI_RELATION,C_TWO_STAGE,Evidence dilution,-0.074074,-0.25,DENSE_MORE_SPECIFIC,True
rakg_064,SINGLE_RELATION,C_TWO_STAGE,Evidence dilution,-0.0017159999999999988,0.0,KG_MORE_SPECIFIC,True
rakg_069,SINGLE_RELATION,C_TWO_STAGE,Evidence dilution,-0.076923,-0.1,KG_MORE_SPECIFIC,False
rakg_072,SINGLE_RELATION,B_STRUCTURED,Evidence dilution,-0.058574,-0.42857199999999995,KG_MORE_SPECIFIC,True
