question_id,category,condition,answer,rouge_l,reference_token_coverage,exact_match,idk,conflict_classification
rakg_001,TWO_HOP_RELATION,A_CURRENT,The payloads carried by Chandrayaan-3 observe the Moon by remote sensing and in-situ techniques.,0.133333,1.0,0.0,False,NO_CONFLICT
rakg_001,TWO_HOP_RELATION,B_STRUCTURED,The payloads carried by Chandrayaan-3 observe the Moon by remote sensing and in-situ techniques.,0.133333,1.0,0.0,False,NO_CONFLICT
rakg_001,TWO_HOP_RELATION,C_TWO_STAGE,The payloads carried by Chandrayaan-3 observe the Moon by remote sensing and in-situ techniques. The eight payloads onboard Chandrayaan-2 are conducting scientific observations of the Moon.,0.074074,1.0,0.0,False,NO_CONFLICT
rakg_002,MULTI_RELATION,A_CURRENT,The payloads carried by Aditya-L1 were developed by the Indian Space Research Organization (ISRO) and two Indian academic institutes in collaboration with ISRO.,0.0,0.0,0.0,False,DENSE_MORE_SPECIFIC
rakg_002,MULTI_RELATION,B_STRUCTURED,The payloads carried by Aditya-L1 were developed by two organizations: ISRO (Indian Space Research Organization) and Indian academic institutes in collaboration with ISRO.,0.0,0.0,0.0,False,DENSE_MORE_SPECIFIC
rakg_002,MULTI_RELATION,C_TWO_STAGE,The payloads carried by Aditya-L1 were developed by ISRO and two Indian academic institutes in collaboration with ISRO.,0.0,0.0,0.0,False,DENSE_MORE_SPECIFIC
rakg_005,MULTI_RELATION,A_CURRENT,The payloads carried by Aditya-L1 were developed by the Indian Space Research Organization (ISRO) and two Indian academic institutes in collaboration with ISRO.,0.064516,0.125,0.0,False,DENSE_MORE_SPECIFIC
rakg_005,MULTI_RELATION,B_STRUCTURED,The payloads carried by Aditya-L1 were developed by two organizations: ISRO and Indian academic institutes in collaboration with ISRO.,0.074074,0.125,0.0,False,DENSE_MORE_SPECIFIC
rakg_005,MULTI_RELATION,C_TWO_STAGE,The payloads carried by Aditya-L1 were developed by ISRO and two Indian academic institutes in collaboration with ISRO.,0.076923,0.125,0.0,False,DENSE_MORE_SPECIFIC
rakg_007,MULTI_RELATION,A_CURRENT,The Indian Space Research Organisation (ISRO) developed a payload carried by AstroSat.,0.111111,0.166667,0.0,False,NO_CONFLICT
rakg_007,MULTI_RELATION,B_STRUCTURED,"The Tata Institute of Fundamental Research, Mumbai developed a payload carried by AstroSat.",0.526316,0.833333,0.0,False,NO_CONFLICT
rakg_007,MULTI_RELATION,C_TWO_STAGE,The Indian Space Research Organisation (ISRO) developed a payload carried by AstroSat.,0.111111,0.166667,0.0,False,NO_CONFLICT
rakg_008,SINGLE_RELATION,A_CURRENT,"The objective of the Imaging IR Spectrometer (IIRS) is not explicitly stated in the provided context. However, it is mentioned that the Indian Spectroscopic and Imaging Space Telescope (INSIST) is a proposed mission that will produce high-resolution deep UV-optical images and also have capabilities to carry out low to medium resolution spectroscopy. The INSIST mission is a collaborative project between various institutions in the country and aims to explore a variety of galactic and extragalactic sources in the UV/optical wavelength.",0.044444,0.2,0.0,False,KG_MORE_SPECIFIC
rakg_008,SINGLE_RELATION,B_STRUCTURED,"The objective of the Imaging IR Spectrometer (IIRS) is not explicitly stated in the provided information. However, it is mentioned that the Indian Spectroscopic and Imaging Space Telescope (INSIST) is a deep imaging instrument in the UV range and will also have capabilities to carry out low to medium resolution spectroscopy. The INSIST mission is a collaborative project between various institutions in the country, such as IIA, IUCAA, ARIES, PRL, TIFR and Christ University with IIA as the lead institution. Collaboration with the Canadian Space Agency that is developing a very similar mission is also being explored. The INSIST mission will explore a variety",0.035088,0.2,0.0,False,KG_MORE_SPECIFIC
rakg_008,SINGLE_RELATION,C_TWO_STAGE,"The objective of Imaging IR Spectrometer (IIRS) is not explicitly stated in the provided context. However, it is mentioned that the Indian Spectroscopic and Imaging Space Telescope (INSIST) is a proposed mission that will produce high-resolution deep UV-optical images and carry out low to medium resolution spectroscopy. The INSIST mission aims to explore a variety of galactic and extragalactic sources, including SNe, GRBs, globular clusters, young massive clusters in nearby galaxies, star-formation in regular spiral galaxies as well as various dwarf systems both in the local and distant Universe.",0.040404,0.2,0.0,False,KG_MORE_SPECIFIC
rakg_009,SINGLE_RELATION,A_CURRENT,The Cadmium-Zinc-Telluride Imager (CZTI) was developed by the Indian Space Research Organization (ISRO).,0.105263,0.166667,0.0,False,DENSE_MORE_SPECIFIC
rakg_009,SINGLE_RELATION,B_STRUCTURED,The Cadmium-Zinc-Telluride Imager (CZTI) was developed by the Tata Institute of Fundamental Research (TIFR).,0.6,1.0,0.0,False,DENSE_MORE_SPECIFIC
rakg_009,SINGLE_RELATION,C_TWO_STAGE,The Cadmium-Zinc-Telluride Imager (CZTI) was developed by the Tata Institute of Fundamental Research (TIFR).,0.6,1.0,0.0,False,DENSE_MORE_SPECIFIC
rakg_010,MULTI_RELATION,A_CURRENT,The Indian Space Research Organisation (ISRO) developed a payload carried by AstroSat.,0.588235,1.0,0.0,False,NO_CONFLICT
rakg_010,MULTI_RELATION,B_STRUCTURED,"The Tata Institute of Fundamental Research, Mumbai developed a payload carried by AstroSat.",0.111111,0.2,0.0,False,NO_CONFLICT
rakg_010,MULTI_RELATION,C_TWO_STAGE,The Indian Space Research Organisation (ISRO) developed a payload carried by AstroSat.,0.588235,1.0,0.0,False,NO_CONFLICT
rakg_012,SINGLE_RELATION,A_CURRENT,The organization that developed the Soft X-ray Telescope (SXT) is not mentioned in the provided context.,0.0,0.0,0.0,False,DENSE_MORE_SPECIFIC
rakg_012,SINGLE_RELATION,B_STRUCTURED,The Soft X-ray Telescope (SXT) was developed by the Indian Space Research Organization (ISRO).,0.1,0.166667,0.0,False,DENSE_MORE_SPECIFIC
rakg_012,SINGLE_RELATION,C_TWO_STAGE,The Soft X-ray Telescope (SXT) was developed by the Indian Space Research Organization (ISRO).,0.1,0.166667,0.0,False,DENSE_MORE_SPECIFIC
rakg_015,SINGLE_RELATION,A_CURRENT,The Sub keV Atom Reflecting Analyzer (SARA) was not mentioned in the provided context.,0.0,0.0,0.0,False,DENSE_MORE_SPECIFIC
rakg_015,SINGLE_RELATION,B_STRUCTURED,The Sub keV Atom Reflecting Analyzer (SARA) was developed by the Physical Research Laboratory (PRL) with support from the Space Application Centre (SAC) in Ahmedabad.,0.0,0.0,0.0,False,DENSE_MORE_SPECIFIC
rakg_015,SINGLE_RELATION,C_TWO_STAGE,The Sub keV Atom Reflecting Analyzer (SARA) was developed by the Physical Research Laboratory (PRL) with support from the Space Application Centre (SAC) in Ahmedabad.,0.0,0.0,0.0,False,DENSE_MORE_SPECIFIC
rakg_016,SINGLE_RELATION,A_CURRENT,"The Moon Impact Probe (MIP) is a payload on the Chandrayaan-2 mission that aims to study the lunar surface and its composition. The MIP will impact the lunar surface at a predetermined location and deploy a set of instruments to collect data on the surface's composition, including the presence of water and other elements. The data collected by the MIP will help scientists better understand the Moon's geology and history, and provide insights into the formation and evolution of the Moon.",0.065217,0.3,0.0,False,KG_MORE_SPECIFIC
rakg_016,SINGLE_RELATION,B_STRUCTURED,"The objective of Moon Impact Probe (MIP) is to study the lunar surface and its composition in detail. It will collect data on the surface temperature, composition, and other properties of the Moon. The MIP will also study the effects of solar radiation on the lunar surface and its atmosphere. The data collected by the MIP will help scientists understand the Moon's geology and history, and will also provide valuable information for future lunar missions.",0.116279,0.6,0.0,False,KG_MORE_SPECIFIC
rakg_016,SINGLE_RELATION,C_TWO_STAGE,The objective of Moon Impact Probe (MIP) is to demonstrate probe impact technologies and qualify technologies for future soft-landing missions.,0.709677,1.0,0.0,False,KG_MORE_SPECIFIC
rakg_017,TWO_HOP_RELATION,A_CURRENT,"The payloads carried by Chandrayaan-2 observe various aspects of the Moon, including its topography, composition, and geological features. The eight payloads include:

1. High-Resolution Camera (HRMC) - This camera captures high-resolution images of the Moon's surface and tracks the spacecraft's position.
2. Laser Altimeter (LA) - This instrument measures the distance between the spacecraft and the Moon's surface.
3. Magnetic Field Instrument (MFI) - This instrument measures the magnetic field of the Moon.
4. Radiometer Experiment for Accurate Reflectance (REAR) - This instrument measures the",0.0,0.0,0.0,False,DENSE_MORE_SPECIFIC
rakg_017,TWO_HOP_RELATION,B_STRUCTURED,The payloads carried by Chandrayaan-1 observe the Moon.,0.0,0.0,0.0,False,DENSE_MORE_SPECIFIC
rakg_017,TWO_HOP_RELATION,C_TWO_STAGE,"A payload carried by Chandrayaan-1 observes the Moon. The spacecraft's eight payloads include a high-resolution camera, a spectrometer, a magnetometer, a radar, a laser altimeter, a thermal mapper, a charge particle event recorder, and a plasma wave instrument. These instruments are designed to study the Moon's surface, atmosphere, and magnetic field, as well as the interaction between the Moon and the solar wind. The data collected by these payloads will provide valuable insights into the Moon's geology, composition, and environment.",0.0,0.0,0.0,False,DENSE_MORE_SPECIFIC
rakg_018,DIRECT_CONTROL,A_CURRENT,"Chandrayaan-2 was launched from Satish Dhawan Space Centre (SDSC), Sriharikota.",0.625,0.833333,0.0,False,KG_MORE_SPECIFIC
rakg_018,DIRECT_CONTROL,B_STRUCTURED,The information provided does not mention where Chandrayaan-1 was launched from.,0.0,0.0,0.0,False,KG_MORE_SPECIFIC
rakg_018,DIRECT_CONTROL,C_TWO_STAGE,"The Chandrayaan-1 mission was launched from Satish Dhawan Space Centre (SDSC), Sriharikota.",0.555556,0.833333,0.0,False,KG_MORE_SPECIFIC
rakg_019,DIRECT_CONTROL,A_CURRENT,"Aditya-L1 was launched from SDSC SHAR (Sriharsha Space Centre, Shriharsha, India).",0.235294,0.5,0.0,False,KG_MORE_SPECIFIC
rakg_019,DIRECT_CONTROL,B_STRUCTURED,"Aditya-L1 was launched from SDSC SHAR (Sriharsha Space Centre, Shriharsha, India).",0.235294,0.5,0.0,False,KG_MORE_SPECIFIC
rakg_019,DIRECT_CONTROL,C_TWO_STAGE,"Aditya-L1 was launched from Satish Dhawan Space Centre SHAR, Sriharikota, India.",0.705882,1.0,0.0,False,KG_MORE_SPECIFIC
rakg_020,DIRECT_CONTROL,A_CURRENT,"Chandrayaan-2 was launched from SDSC, SHAR, Sriharikota.",0.307692,0.333333,0.0,False,KG_MORE_SPECIFIC
rakg_020,DIRECT_CONTROL,B_STRUCTURED,"Chandrayaan-2 was launched from the SDSC, SHAR, Sriharikota launch site.",0.25,0.333333,0.0,False,KG_MORE_SPECIFIC
rakg_020,DIRECT_CONTROL,C_TWO_STAGE,"Chandrayaan-2 was launched from Satish Dhawan Space Centre SHAR, Sriharikota.",0.75,1.0,0.0,False,KG_MORE_SPECIFIC
rakg_022,MULTI_RELATION,A_CURRENT,The Indian Space Research Organisation (ISRO) developed a payload carried by AstroSat.,0.111111,0.166667,0.0,False,NO_CONFLICT
rakg_022,MULTI_RELATION,B_STRUCTURED,"The Tata Institute of Fundamental Research, Mumbai developed a payload carried by AstroSat.",0.526316,0.833333,0.0,False,NO_CONFLICT
rakg_022,MULTI_RELATION,C_TWO_STAGE,The Indian Space Research Organisation (ISRO) developed a payload carried by AstroSat.,0.111111,0.166667,0.0,False,NO_CONFLICT
rakg_023,MULTI_RELATION,A_CURRENT,The payloads carried by Aditya-L1 were developed by the Indian Space Research Organization (ISRO) and two Indian academic institutes in collaboration with ISRO.,0.071429,0.2,0.0,False,DENSE_MORE_SPECIFIC
rakg_023,MULTI_RELATION,B_STRUCTURED,The payloads carried by Aditya-L1 were developed by the Indian Space Research Organization (ISRO) and two Indian academic institutes in collaboration with ISRO.,0.071429,0.2,0.0,False,DENSE_MORE_SPECIFIC
rakg_023,MULTI_RELATION,C_TWO_STAGE,The payloads carried by Aditya-L1 were developed by ISRO and two Indian academic institutes in collaboration with ISRO.,0.0,0.0,0.0,False,DENSE_MORE_SPECIFIC
rakg_025,SINGLE_RELATION,A_CURRENT,"The objective of Miniature Synthetic Aperature Radar (Mini SAR) is to provide high-resolution imagery and data for various applications such as floodplain mapping, environmental monitoring, glacier monitoring, ice dynamics, and sustainable land resource management. Mini SAR systems use synthetic aperture techniques to achieve high spatial resolution and can operate in various polarizations and frequencies to enhance the characterization of different scattering mechanisms. The data generated by Mini SAR systems can support precision agriculture, irrigation monitoring, and other applications that require high-resolution imagery and information on land cover and hydrological features.",0.075472,0.266667,0.0,False,KG_MORE_SPECIFIC
rakg_025,SINGLE_RELATION,B_STRUCTURED,"The objective of Miniature Synthetic Aperature Radar (Mini SAR) is to provide high-resolution imagery and data for various applications such as floodplain mapping, environmental monitoring, glacier monitoring, ice dynamics, and sustainable land resource management. Mini SAR systems use polarimetric and hybrid polarimetric techniques to enhance the characterization of hydrological and land-cover features, and support precision agriculture, irrigation monitoring, and ecosystem monitoring.",0.077922,0.2,0.0,False,KG_MORE_SPECIFIC
rakg_025,SINGLE_RELATION,C_TWO_STAGE,"The objective of Miniature Synthetic Aperature Radar (Mini SAR) is to provide high-resolution remote sensing data for various applications such as floodplain mapping, environmental monitoring, glacier monitoring, ice dynamics, and sustainable land resource management.",0.04,0.2,0.0,False,KG_MORE_SPECIFIC
rakg_026,SINGLE_RELATION,A_CURRENT,The Aditya Solar wind Particle Experiment (ASPEX) was developed by the Physical Research Laboratory (PRL).,0.421053,1.0,0.0,False,NO_CONFLICT
rakg_026,SINGLE_RELATION,B_STRUCTURED,"The Aditya Solar wind Particle Experiment (ASPEX) was developed by the Physical Research Laboratory (PRL).

Reference(s):
KG FACT 1 Path: path:aditya-aspex-developed-by-prl Entity: Aditya Solar wind Particle Experiment (ASPEX) Relation: DEVELOPED_BY Target: Physical Research Laboratory (PRL) Direction: Aditya Solar wind Particle Experiment (ASPEX) -> DEVELOPED_BY -> Physical Research Laboratory (PRL) Source: https://www.issdc.gov.in/docs/Aditya/Ad",0.150943,1.0,0.0,False,NO_CONFLICT
rakg_026,SINGLE_RELATION,C_TWO_STAGE,The organization that developed Aditya Solar wind Particle Experiment (ASPEX) is Physical Research Laboratory (PRL).,0.421053,1.0,0.0,False,NO_CONFLICT
rakg_027,DIRECT_CONTROL,A_CURRENT,The launch vehicle that launched Chandrayaan-1 is not mentioned in the provided text.,0.0,0.0,0.0,False,NO_CONFLICT
rakg_027,DIRECT_CONTROL,B_STRUCTURED,The launch vehicle that launched Chandrayaan-1 is not mentioned in the provided evidence.,0.0,0.0,0.0,False,NO_CONFLICT
rakg_027,DIRECT_CONTROL,C_TWO_STAGE,I don't know.,0.0,0.0,0.0,True,NO_CONFLICT
rakg_029,SINGLE_RELATION,A_CURRENT,The Visible Emission Line Coronagraph (VELC) was developed by the Indian Institute of Astrophysics (IIA).,0.5,1.0,0.0,False,DENSE_MORE_SPECIFIC
rakg_029,SINGLE_RELATION,B_STRUCTURED,The organization that developed Visible Emission Line Coronagraph (VELC) is the Indian Institute of Astrophysics (IIA). This is based on the verified KG FACT 1 and the textual evidence from the Aditya-L1 Mission Booklet.,0.25641,1.0,0.0,False,DENSE_MORE_SPECIFIC
rakg_029,SINGLE_RELATION,C_TWO_STAGE,The Indian Institute of Astrophysics (IIA) developed Visible Emission Line Coronagraph (VELC).,0.588235,1.0,0.0,False,DENSE_MORE_SPECIFIC
rakg_030,TWO_HOP_RELATION,A_CURRENT,"The payloads carried by Aditya-L1 observe the Earth and the Moon. The payloads available for proposers are VELC SPEC1, SUIT, and ASPEX STEPS. The other payloads, such as VELC SPEC2, VELC Continuum, VELC IR, ASPEX SWIS, HEL1OS, PAPA, MAG, and Submitted proposals, are not available for proposal-based observations.",0.038462,0.25,0.0,False,NO_CONFLICT
rakg_030,TWO_HOP_RELATION,B_STRUCTURED,"The payload carried by Aditya-L1 observes the Sun's corona, solar wind, and other solar system objects. The payloads available for proposal-based observations are VELC SPEC1, SUIT, ASPEX SWIS, and PAPA. The payloads that are not available for proposal-based observations are VELC SPEC2, VELC Continuum, VELC IR, ASPEX STEPS, SOLEXS, HEL1OS, and MAG.",0.071429,0.5,0.0,False,NO_CONFLICT
rakg_030,TWO_HOP_RELATION,C_TWO_STAGE,"The payloads carried by Aditya-L1 observe various aspects of the solar system, such as the solar wind, solar flares, coronal mass ejections, and other solar activity. The payloads include instruments such as the Alpha Particle X-ray Spectrometer (APXS), the Solar Ultraviolet Imager (SUIT), the Solar Wind Electron Probe (SWEP), and the Solar Orbiter Magnetic Field Instrument (SOLMAG). These instruments are designed to study the solar activity and its impact on the Earth's magnetic field and atmosphere. The payloads also include the Solar Orbiter Heliospheric Imager (SOLHI) and the Solar Or",0.042553,0.5,0.0,False,NO_CONFLICT
rakg_031,TWO_HOP_RELATION,A_CURRENT,"The payloads carried by Aditya-L1 observe the Earth and the Moon. The payloads available for proposers are VELC SPEC1, SUIT, ASPEX SWIS, and PAPA. However, some payloads like VELC SPEC2, VELC Continuum, VELC IR, ASPEX STEPS, SOLEXS, HEL1OS, and MAG are not available for proposal-based observations and will observe in default mode.",0.0,0.0,0.0,False,NO_CONFLICT
rakg_031,TWO_HOP_RELATION,B_STRUCTURED,"The payload carried by Aditya-L1 observes the Sun's corona, solar wind, and other solar system objects. The payloads available for proposal-based observations are VELC SPEC1, SUIT, ASPEX SWIS, and PAPA. The other instruments onboard Aditya-L1 observe in default mode and are not available for proposal-based observations.",0.0,0.0,0.0,False,NO_CONFLICT
rakg_031,TWO_HOP_RELATION,C_TWO_STAGE,"A payload carried by Aditya-L1 observes various aspects of the solar system, such as the solar wind, solar corona, solar flares, and other solar activities. The payloads include instruments such as the Alpha Particle X-ray Spectrometer (APXS), the Solar Wind Electron Probe (SWEP), the Solar Orbiter Magnetic Field Instrument (SOLMAG), and the Solar Orbiter Spectral Imager (SOLSPEC), among others. These instruments are designed to study the solar wind, solar corona, and other solar activities in detail.",0.0,0.0,0.0,False,NO_CONFLICT
rakg_032,SINGLE_RELATION,A_CURRENT,The Ultra Violet Imaging Telescope (UVIT) was developed by the Indian Institute of Technology (IIT) in Ahmedabad.,0.272727,0.6,0.0,False,DENSE_MORE_SPECIFIC
rakg_032,SINGLE_RELATION,B_STRUCTURED,The Ultra Violet Imaging Telescope (UVIT) was developed by the Indian Institute of Technology (IIT) Ahmedabad.,0.285714,0.6,0.0,False,DENSE_MORE_SPECIFIC
rakg_032,SINGLE_RELATION,C_TWO_STAGE,The Indian Institute of Astrophysics (IIA) developed the Ultra Violet Imaging Telescope (UVIT).,0.555556,1.0,0.0,False,DENSE_MORE_SPECIFIC
rakg_033,SINGLE_RELATION,A_CURRENT,The objective of the Sub keV Atom Reflecting Analyzer (SARA) is not mentioned in the provided context.,0.0,0.0,0.0,False,KG_MORE_SPECIFIC
rakg_033,SINGLE_RELATION,B_STRUCTURED,The objective of Sub keV Atom Reflecting Analyzer (SARA) is not mentioned in the provided context.,0.0,0.0,0.0,False,KG_MORE_SPECIFIC
rakg_033,SINGLE_RELATION,C_TWO_STAGE,I don't know.,0.0,0.0,0.0,True,KG_MORE_SPECIFIC
rakg_034,TWO_HOP_RELATION,A_CURRENT,"The payloads carried by Aditya-L1 observe the Earth and the Moon. The payloads that are available for proposal-based observations are VELC SPEC1, SUIT, ASPEX SWIS, and PAPA. The other payloads, such as VELC SPEC2, VELC Continuum, VELC IR, ASPEX STEPS, SOLEXS, HEL1OS, and MAG, observe in default mode and are not available for proposal-based observations.",0.0,0.0,0.0,False,NO_CONFLICT
rakg_034,TWO_HOP_RELATION,B_STRUCTURED,"The payload carried by Aditya-L1 observes the Sun's corona, solar wind, and other solar system objects. The payloads available for proposal-based observations are VELC SPEC1, SUIT, ASPEX SWIS, and PAPA. The other instruments onboard Aditya-L1 observe in default mode and are not available for proposal-based observations.",0.0,0.0,0.0,False,NO_CONFLICT
rakg_034,TWO_HOP_RELATION,C_TWO_STAGE,"A payload carried by Aditya-L1 observes various aspects of the solar system, including the solar wind, solar corona, solar flares, and other solar phenomena. The payloads include instruments such as the Alpha Particle X-ray Spectrometer (APXS), the Solar Ultraviolet Spectrometer (SUIT), the Solar X-ray Telescope (SXT), the Solar Wind Electron Probe (SWEP), and the Solar Orbiter Magnetic Field Instrument (SOLMAG). These instruments are designed to study the solar activity and its impact on the Earth's magnetic field and atmosphere.",0.0,0.0,0.0,False,NO_CONFLICT
rakg_035,DIRECT_CONTROL,A_CURRENT,The launch vehicle that launched Chandrayaan-3 is not mentioned in the provided context.,0.0,0.0,0.0,False,NO_CONFLICT
rakg_035,DIRECT_CONTROL,B_STRUCTURED,The launch vehicle that launched Chandrayaan-3 is not mentioned in the provided evidence.,0.0,0.0,0.0,False,NO_CONFLICT
rakg_035,DIRECT_CONTROL,C_TWO_STAGE,I don't know.,0.0,0.0,0.0,True,NO_CONFLICT
rakg_036,SINGLE_RELATION,A_CURRENT,The Chandrayaan-I X-ray Spectrometer (CIXS) was developed by the Indian Space Agency (ISRO).,0.0,0.0,0.0,False,NO_CONFLICT
rakg_036,SINGLE_RELATION,B_STRUCTURED,"The Chandrayaan-I X-ray Spectrometer (CIXS) was developed by the Physical Research Laboratory (PRL), a unit of the Department of Space, Government of India.",0.0,0.0,0.0,False,NO_CONFLICT
rakg_036,SINGLE_RELATION,C_TWO_STAGE,"The Chandrayaan-I X-ray Spectrometer (CIXS) was developed by the Physical Research Laboratory (PRL), a unit of the Department of Space, Government of India.",0.0,0.0,0.0,False,NO_CONFLICT
rakg_037,DIRECT_CONTROL,A_CURRENT,The launch vehicle that launched Aditya-L1 is PSLV-C57 (PSLV-XL).,0.363636,1.0,0.0,False,KG_MORE_SPECIFIC
rakg_037,DIRECT_CONTROL,B_STRUCTURED,The launch vehicle that launched Aditya-L1 is PSLV-C57 (PSLV-XL).,0.363636,1.0,0.0,False,KG_MORE_SPECIFIC
rakg_037,DIRECT_CONTROL,C_TWO_STAGE,"1. Identify the launch vehicle used for the launch of Aditya-L1.
2. Determine the name of the launch vehicle from the KG Facts.
3. Use the textual evidence to confirm the launch vehicle used for the launch of Aditya-L1.

ANSWER:
The launch vehicle used for the launch of Aditya-L1 is PSLV-C57 (PSLV-XL).",0.074074,1.0,0.0,False,KG_MORE_SPECIFIC
rakg_038,TWO_HOP_RELATION,A_CURRENT,"A payload carried by Chandrayaan-1 studies the topography of the Moon, its mineral composition, and the radiation dose on the surface. The Terrain Mapping Camera (TMC) maps the topography of both near and far side of the Moon with a high spatial and elevation resolution. The Hyper Spectral Imager (HySI) obtains spectroscopic data for mineralogical mapping of the lunar surface. The Lunar Laser Ranging Instrument (LLRI) measures the distance between the Earth and the Moon. The High Energy X-ray Spectrometer (HEX) studies the elemental composition of the Moon's surface. The Moon Impact Probe (MIP)",0.021053,1.0,0.0,False,NO_CONFLICT
rakg_038,TWO_HOP_RELATION,B_STRUCTURED,"The payload carried by Chandrayaan-1 studies the topography of the Moon and its mineral composition. The Terrain Mapping Camera (TMC) imaged the Moon in the panchromatic spectral region of 0.5 to 0.85 µm, with a spatial/ ground resolution of 5 m and swath coverage of 20 km. The Hyper Spectral Imager (HySI) obtained spectroscopic data for mineralogical mapping of the lunar surface in 64 contiguous bands in the VNIR, the spectral range of 0.4-0.95 µm region with a spectral resolution of better than 15 nm",0.023256,1.0,0.0,False,NO_CONFLICT
rakg_038,TWO_HOP_RELATION,C_TWO_STAGE,"The payload carried by Chandrayaan-1 studies various aspects of the Moon, such as its mineral composition, topography, and surface features. The payload includes a X-ray Spectrometer (C1XS), a Near Infrared Spectrometer (SIR – 2), a Sub keV Atom Reflecting Analyzer (SARA), a Miniature Synthetic Aperture Radar (Mini SAR), a Moon Mineralogy Mapper (M3), a Radiation Dose Monitor (RADOM), a Terrain Mapping Camera (TMC), a Hyper Spectral Imager (HySI), and a Moon Impact Probe (MIP). The",0.026667,1.0,0.0,False,NO_CONFLICT
rakg_040,MULTI_RELATION,A_CURRENT,The payloads carried by Aditya-L1 were developed by the Indian Space Research Organization (ISRO) and two Indian academic institutes in collaboration with ISRO.,0.0,0.0,0.0,False,DENSE_MORE_SPECIFIC
rakg_040,MULTI_RELATION,B_STRUCTURED,The payloads carried by Aditya-L1 were developed by two organizations: Indian Space Research Organization (ISRO) and Indian academic institutes in collaboration with ISRO.,0.0,0.0,0.0,False,DENSE_MORE_SPECIFIC
rakg_040,MULTI_RELATION,C_TWO_STAGE,The payloads carried by Aditya-L1 were developed by ISRO and two Indian academic institutes in collaboration with ISRO.,0.0,0.0,0.0,False,DENSE_MORE_SPECIFIC
rakg_041,SINGLE_RELATION,A_CURRENT,"The Moon Mineralogy Mapper (M3) is not mentioned in the provided context. The Chandrayaan2 mission has several payloads, including Terrain Mapping Camera 2 (TMC 2), Large Area Soft X-ray Spectrometer (CLASS), Solar X-ray Monitor (XSM), Orbiter High Resolution Camera (OHRC), Imaging IR Spectrometer (IIRS), and Dual Frequency Synthetic Aperture Radar (DFSAR). The objectives of these payloads are mentioned in the provided context.",0.133333,0.5,0.0,False,KG_MORE_SPECIFIC
rakg_041,SINGLE_RELATION,B_STRUCTURED,"The objective of Moon Mineralogy Mapper (M3) is not explicitly stated in the given information. However, it can be inferred that M3 is a payload onboard the Chandrayaan-2 mission, which is designed to map the lunar surface in the panchromatic spectral band (0.5-0.8 microns) with a high spatial resolution of 5 m and a swath of 20 km from 100 km lunar polar orbit. The data collected by M3 will give clues about the Moon's evolution and help prepare 3D maps of the lunar surface.",0.163265,0.75,0.0,False,KG_MORE_SPECIFIC
rakg_041,SINGLE_RELATION,C_TWO_STAGE,I don't know.,0.0,0.0,0.0,True,KG_MORE_SPECIFIC
rakg_042,MULTI_RELATION,A_CURRENT,The payloads carried by Aditya-L1 were developed by the Indian Space Research Organization (ISRO) and two Indian academic institutes in collaboration with ISRO.,0.0,0.0,0.0,False,DENSE_MORE_SPECIFIC
rakg_042,MULTI_RELATION,B_STRUCTURED,The payloads carried by Aditya-L1 were developed by two organizations: ISRO and Indian academic institutes in collaboration with ISRO.,0.0,0.0,0.0,False,DENSE_MORE_SPECIFIC
rakg_042,MULTI_RELATION,C_TWO_STAGE,The payloads carried by Aditya-L1 were developed by ISRO and two Indian academic institutes in collaboration with ISRO.,0.0,0.0,0.0,False,DENSE_MORE_SPECIFIC
rakg_043,TWO_HOP_RELATION,A_CURRENT,"A payload carried by Chandrayaan-2 observes the lunar ionosphere, near surface volatiles, and the temporal evolution of the Lunar plasma density for the first time near the surface under varying solar conditions. It also observes the planetary surface by firing a series of high peak power laser pulses which generates the so called laser induced plasma and analyzes the elemental presence and abundance.",0.057971,0.333333,0.0,False,KG_MORE_SPECIFIC
rakg_043,TWO_HOP_RELATION,B_STRUCTURED,"1. The payload carried by Chandrayaan-2 observes the Moon.
2. The payload carried by Chandrayaan-2 observes seismicity around the lunar landing site.
3. The payload carried by Chandrayaan-2 observes the lunar surface.
4. The payload carried by Chandrayaan-2 observes the terrain of the Moon.
5. The payload carried by Chandrayaan-2 observes solar X-rays.
6. The payload carried by Chandrayaan-2 observes alpha particles.
7. The payload carried by Chandrayaan-2 observes lunar seismic activity.
8. The payload",0.148148,1.0,0.0,False,KG_MORE_SPECIFIC
rakg_043,TWO_HOP_RELATION,C_TWO_STAGE,"A payload carried by Chandrayaan-2 observes the following:

1. Terrain Mapping Camera-2 (TMC-2)
2. Solar X-ray Monitor (XSM)
3. Moon
4. seismicity around the lunar landing site",0.363636,1.0,0.0,False,KG_MORE_SPECIFIC
rakg_046,SINGLE_RELATION,A_CURRENT,The organization that developed Advanced Tri-axial High Resolution Digital Magnetometers is Laboratory for Electro-Optics Systems (LEOS).,0.47619,1.0,0.0,False,DENSE_MORE_SPECIFIC
rakg_046,SINGLE_RELATION,B_STRUCTURED,"QUESTION:
Which organization developed Advanced Tri-axial High Resolution Digital Magnetometers?

ANSWER (based only on the context above): The organization that developed Advanced Tri-axial High Resolution Digital Magnetometers is the Laboratory for Electro-Optics Systems (LEOS).",0.25641,1.0,0.0,False,DENSE_MORE_SPECIFIC
rakg_046,SINGLE_RELATION,C_TWO_STAGE,The organization that developed Advanced Tri-axial High Resolution Digital Magnetometers is the Laboratory for Electro-Optics Systems (LEOS).,0.454545,1.0,0.0,False,DENSE_MORE_SPECIFIC
rakg_047,DIRECT_CONTROL,A_CURRENT,"The launch vehicle that was scheduled to launch Chandrayaan-2 is GSLV MkIII-M1. However, the launch was called off due to a technical snag and has been rescheduled for July 22, 2019.",0.0,0.0,0.0,False,NO_CONFLICT
rakg_047,DIRECT_CONTROL,B_STRUCTURED,The launch vehicle that launched Chandrayaan-2 is GSLV MkIII-M1.,0.0,0.0,0.0,False,NO_CONFLICT
rakg_047,DIRECT_CONTROL,C_TWO_STAGE,The launch vehicle that launched Chandrayaan-2 is GSLV MkIII-M1.,0.0,0.0,0.0,False,NO_CONFLICT
rakg_048,SINGLE_RELATION,A_CURRENT,"The objective of High Energy X-ray Spectrometer (HEX) is to detect X-rays emitted by the Sun and its corona, measure its intensity, and support the CLASS payload. It provides the solar X-ray spectrum in the energy range of 1-15 keV incident on the lunar surface. HEX provides high energy resolution and high-cadence measurements (full spectrum every second) as input for analysis of data from CLASS. The HEX is operating in the lunar orbit from 12th September 2019.",0.044944,0.181818,0.0,False,KG_MORE_SPECIFIC
rakg_048,SINGLE_RELATION,B_STRUCTURED,"The objective of High Energy X-ray Spectrometer (HEX) is to provide high energy resolution and high-cadence measurements of the solar X-ray spectrum in the energy range of 1-15 keV incident on the lunar surface. HEX supports the CLASS payload by detecting X-rays emitted by the Sun and its corona, and measuring their intensity. The HEX provides disk integrated solar spectra with a spectral resolution of better than 180 eV at 5.9 keV, which is the best available among similar instruments that carried out such measurements till now. The HEX also offers the highest time cadence for such instruments: full spectrum every second and light curves",0.051282,0.181818,0.0,False,KG_MORE_SPECIFIC
rakg_048,SINGLE_RELATION,C_TWO_STAGE,"The objective of High Energy X - ray Spectrometer (HEX) is to detect water ice in the permanently shadowed regions on the Lunar poles, up to a depth of a few meters. It provides the solar X-ray spectrum in the energy range of 1-15 keV incident on the lunar surface, which supports the CLASS payload. HEX provides high energy resolution and high-cadence measurements (full spectrum every second) as input for analysis of data from CLASS. The unique design features of HEX allow observations over a wide dynamic range of X-ray fluxes from the quiet Sun to X-class flares.",0.036697,0.181818,0.0,False,KG_MORE_SPECIFIC
rakg_049,SINGLE_RELATION,A_CURRENT,"The Large Area X-ray Proportional Counter (LAXPC) was developed by the Tata Institute of Fundamental Research (TIFR), Mumbai.",0.5,1.0,0.0,False,DENSE_MORE_SPECIFIC
rakg_049,SINGLE_RELATION,B_STRUCTURED,"The Large Area X-ray Proportional Counter (LAXPC) was developed by the Tata Institute of Fundamental Research (TIFR), Mumbai.",0.5,1.0,0.0,False,DENSE_MORE_SPECIFIC
rakg_049,SINGLE_RELATION,C_TWO_STAGE,"The Large Area X-ray Proportional Counter (LAXPC) was developed by the Tata Institute of Fundamental Research (TIFR), Mumbai.",0.5,1.0,0.0,False,DENSE_MORE_SPECIFIC
rakg_050,SINGLE_RELATION,A_CURRENT,The Solar Ultraviolet Imaging Telescope (SUIT) was not mentioned in the provided context.,0.0,0.0,0.0,False,DENSE_MORE_SPECIFIC
rakg_050,SINGLE_RELATION,B_STRUCTURED,The Solar Ultraviolet Imaging Telescope (SUIT) was developed by the Indian Institute of Technology (IIT) Kanpur.,0.0,0.0,0.0,False,DENSE_MORE_SPECIFIC
rakg_050,SINGLE_RELATION,C_TWO_STAGE,The Solar Ultraviolet Imaging Telescope (SUIT) was developed by the Inter University Centre for Astronomy and Astrophysics (IUCAA).,0.615385,1.0,0.0,False,DENSE_MORE_SPECIFIC
rakg_051,SINGLE_RELATION,A_CURRENT,The Solar Low Energy X-ray Spectrometer (SoLEXS) was developed by the U R Rao Satellite Centre (URSC).,0.521739,1.0,0.0,False,DENSE_MORE_SPECIFIC
rakg_051,SINGLE_RELATION,B_STRUCTURED,"QUESTION:
Which organization developed Solar Low Energy X-ray Spectrometer (SoLEXS)?

ANSWER (based only on the context above):

The organization that developed Solar Low Energy X-ray Spectrometer (SoLEXS) is the U R Rao Satellite Centre (URSC).",0.292683,1.0,0.0,False,DENSE_MORE_SPECIFIC
rakg_051,SINGLE_RELATION,C_TWO_STAGE,The organization that developed Solar Low Energy X-ray Spectrometer (SoLEXS) is U R Rao Satellite Centre (URSC).,0.521739,1.0,0.0,False,DENSE_MORE_SPECIFIC
rakg_052,SINGLE_RELATION,A_CURRENT,The Chandrayaan-I X-ray Spectrometer (CIXS) was developed by the Indian Space Agency (ISRO).,0.333333,0.6,0.0,False,NO_CONFLICT
rakg_052,SINGLE_RELATION,B_STRUCTURED,"The Chandrayaan-I X-ray Spectrometer (CIXS) was developed by the Physical Research Laboratory (PRL), a unit of the Department of Space, Government of India.",0.071429,0.4,0.0,False,NO_CONFLICT
rakg_052,SINGLE_RELATION,C_TWO_STAGE,The Chandrayaan-I X-ray Spectrometer (CIXS) was developed by the Indian Space Research Organization (ISRO).,0.421053,0.8,0.0,False,NO_CONFLICT
rakg_053,SINGLE_RELATION,A_CURRENT,The Sub keV Atom Reflecting Analyzer (SARA) was not mentioned in the provided context.,0.0,0.0,0.0,False,DENSE_MORE_SPECIFIC
rakg_053,SINGLE_RELATION,B_STRUCTURED,The organization that developed Sub keV Atom Reflecting Analyzer (SARA) is not mentioned in the given context.,0.0,0.0,0.0,False,DENSE_MORE_SPECIFIC
rakg_053,SINGLE_RELATION,C_TWO_STAGE,The Sub keV Atom Reflecting Analyzer (SARA) was developed by the Physical Research Laboratory (PRL) with support from the Space Application Centre (SAC) in Ahmedabad.,0.066667,0.4,0.0,False,DENSE_MORE_SPECIFIC
rakg_054,DIRECT_CONTROL,A_CURRENT,I don't know.,0.0,0.0,0.0,True,KG_MORE_SPECIFIC
rakg_054,DIRECT_CONTROL,B_STRUCTURED,"QUESTION:
Which launch vehicle launched AstroSat?

ANSWER (based only on the context above): PSLV-C30 (XL)",0.235294,1.0,0.0,False,KG_MORE_SPECIFIC
rakg_054,DIRECT_CONTROL,C_TWO_STAGE,The launch vehicle that launched AstroSat is PSLV-C30 (XL).,0.363636,1.0,0.0,False,KG_MORE_SPECIFIC
rakg_055,SINGLE_RELATION,A_CURRENT,"The objective of Hyper Spectral Imager (HySI) is to assess and map lunar mineral resources at high spatial resolution to support planning for future, targeted missions. The M3 scientific instrument is a high throughput pushbroom imaging spectrometer, operating in 0.7 to 3.0 µm range. It measures solar reflected energy, using a two-dimensional HgCdTe detector array. The spectral range 0.7 to 2.6 µm captures the absorption bands for the most important lunar minerals. In addition, the spectral range 2.5 to 3.0 µm is critical for detection of possible volatiles near the lunar",0.079208,0.4,0.0,False,KG_MORE_SPECIFIC
rakg_055,SINGLE_RELATION,B_STRUCTURED,"The objective of Hyper Spectral Imager (HySI) is to assess and map lunar mineral resources at high spatial resolution to support planning for future, targeted missions. The M3 scientific instrument is a high throughput pushbroom imaging spectrometer, operating in 0.7 to 3.0 µm range. It measures solar reflected energy, using a two-dimensional HgCdTe detector array. The spectral range 0.7 to 2.6 µm captures the absorption bands for the most important lunar minerals. In addition, the spectral range 2.5 to 3.0 µm is critical for detection of possible volatiles near the lunar",0.079208,0.4,0.0,False,KG_MORE_SPECIFIC
rakg_055,SINGLE_RELATION,C_TWO_STAGE,The objective of Hyper Spectral Imager (HySI) is to obtain spectroscopic data for mineralogical mapping of the lunar surface.,0.689655,1.0,0.0,False,KG_MORE_SPECIFIC
rakg_056,TWO_HOP_RELATION,A_CURRENT,"A payload carried by Chandrayaan-2 observes the lunar ionosphere, near surface volatiles, and the ambient electron density/temperature near the lunar surface. The Langmuir Probe (LP) measures the temporal evolution of the Lunar plasma density for the first time near the surface under varying solar conditions. The Laser Induced Breakdown Spectroscopy (LIBS) payload identifies and determines the abundance of elements near the landing site. The Orbiter High Resolution Camera (OHRC) observes the landing site prior to lander separation to ensure safe landing.",0.0,0.0,0.0,False,KG_MORE_SPECIFIC
rakg_056,TWO_HOP_RELATION,B_STRUCTURED,"1. The payload carried by Chandrayaan-2 observes the terrain of the Moon.
2. The payload carried by Chandrayaan-2 observes the solar X-rays.
3. The payload carried by Chandrayaan-2 observes the lunar surface using the Alpha Particle X-ray Spectrometer (APXS).
4. The payload carried by Chandrayaan-2 observes the seismic activity around the lunar landing site using the Instrument for Lunar Seismic Activity (ILSA).",0.031746,1.0,0.0,False,KG_MORE_SPECIFIC
rakg_056,TWO_HOP_RELATION,C_TWO_STAGE,"A payload carried by Chandrayaan-2 observes the following:

1. Terrain Mapping Camera-2 (TMC-2)
2. Solar X-ray Monitor (XSM)
3. Moon
4. seismicity around the lunar landing site",0.071429,1.0,0.0,False,KG_MORE_SPECIFIC
rakg_057,SINGLE_RELATION,A_CURRENT,The objective of Alpha Particle X-ray Spectrometer (APXS) is to determine the elemental composition of the lunar surface near the landing site.,0.666667,1.0,0.0,False,KG_MORE_SPECIFIC
rakg_057,SINGLE_RELATION,B_STRUCTURED,The objective of Alpha Particle X-ray Spectrometer (APXS) is to determine the elemental composition of the lunar surface near the landing site.,0.666667,1.0,0.0,False,KG_MORE_SPECIFIC
rakg_057,SINGLE_RELATION,C_TWO_STAGE,"The objective of Alpha Particle X-ray Spectrometer (APXS) is to determine the elemental composition of the lunar surface near the landing site. APXS achieves this through X-ray fluorescence spectroscopy technique, where X-ray or alpha particles are used to excite the surface. APXS can detect all major rock-forming elements such as Sodium, Magnesium, Aluminium, Silica, Calcium, Titanium, Iron, and some trace elements such as Strontium, Yttrium and Zirconium.",0.282051,1.0,0.0,False,KG_MORE_SPECIFIC
rakg_058,DIRECT_CONTROL,A_CURRENT,"AstroSat was launched from Satish Dhawan Space Centre SHAR, Sriharikota.",0.75,1.0,0.0,False,KG_MORE_SPECIFIC
rakg_058,DIRECT_CONTROL,B_STRUCTURED,"QUESTION:
Where was AstroSat launched from?

ANSWER (based only on the context above): AstroSat was launched from Satish Dhawan Space Centre SHAR, Sriharikota.",0.413793,1.0,0.0,False,KG_MORE_SPECIFIC
rakg_058,DIRECT_CONTROL,C_TWO_STAGE,"AstroSat was launched from Satish Dhawan Space Centre SHAR, Sriharikota.",0.75,1.0,0.0,False,KG_MORE_SPECIFIC
rakg_059,SINGLE_RELATION,A_CURRENT,The organization that developed the Thermal Infrared Imaging Spectrometer (TIS) is not mentioned in the provided text.,0.0,0.0,0.0,False,DENSE_MORE_SPECIFIC
rakg_059,SINGLE_RELATION,B_STRUCTURED,The Thermal Infrared Imaging Spectrometer (TIS) was developed by the Indian Institute of Technology (IIT) Kanpur.,0.0,0.0,0.0,False,DENSE_MORE_SPECIFIC
rakg_059,SINGLE_RELATION,C_TWO_STAGE,I don't know.,0.0,0.0,0.0,True,DENSE_MORE_SPECIFIC
rakg_060,SINGLE_RELATION,A_CURRENT,The Plasma Analyser Package for Aditya (PAPA) was developed by the Indian Space Agency (ISRO).,0.1,0.2,0.0,False,KG_MORE_SPECIFIC
rakg_060,SINGLE_RELATION,B_STRUCTURED,The Plasma Analyser Package for Aditya (PAPA) was developed by the Indian Space Research Organization (ISRO).,0.095238,0.2,0.0,False,KG_MORE_SPECIFIC
rakg_060,SINGLE_RELATION,C_TWO_STAGE,The Plasma Analyser Package For Aditya (PAPA) was developed by the Indian Space Research Organization (ISRO).,0.095238,0.2,0.0,False,KG_MORE_SPECIFIC
rakg_061,TWO_HOP_RELATION,A_CURRENT,"The payloads carried by Chandrayaan-2 observe various aspects of the Moon, including its surface, atmosphere, and magnetic field. The eight payloads include:

1. High-Resolution Camera (HRoC) for imaging the Moon's surface with high resolution.
2. Laser Altimeter (LA) for measuring the height of the Moon's surface.
3. Magnetic Field Instrument (MFI) for measuring the Moon's magnetic field.
4. Radiometer Experiment for Absorption and Reflection of Electromagnetic Waves (REX) for studying the Moon's atmosphere.
5. Thermal Mapper (TM) for mapping",0.070588,0.5,0.0,False,DENSE_MORE_SPECIFIC
rakg_061,TWO_HOP_RELATION,B_STRUCTURED,The payloads carried by Chandrayaan-1 observe the Moon.,0.142857,0.166667,0.0,False,DENSE_MORE_SPECIFIC
rakg_061,TWO_HOP_RELATION,C_TWO_STAGE,"A payload carried by Chandrayaan-1 observes the Moon and its surface. The specific details of what each payload will observe are as follows:

1. Miniature Synthetic Aperature Radar (Mini SAR) observes water ice in permanently shadowed lunar polar regions.
2. Sub keV Atom Reflecting Analyzer (SARA) observes solar-wind interaction with the lunar surface.
3. Terrain Mapping Camera (TMC) maps the lunar surface.
4. High-Resolution Camera (HRC) captures high-resolution images of the lunar surface.
5. Wide Field Camera (WFC)",0.142857,1.0,0.0,False,DENSE_MORE_SPECIFIC
rakg_062,TWO_HOP_RELATION,A_CURRENT,"A payload carried by Chandrayaan-1 studies the topography of the Moon, its mineral composition, and the radiation dose on the surface. The Terrain Mapping Camera (TMC) maps the topography of both near and far side of the Moon with a high spatial and elevation resolution. The Hyper Spectral Imager (HySI) obtains spectroscopic data for mineralogical mapping of the lunar surface. The Lunar Laser Ranging Instrument (LLRI) measures the distance between the Moon and Earth. The High Energy X-ray Spectrometer (HEX) studies the elemental composition of the Moon's surface. The Moon Impact Probe (MIP) studies",0.021053,1.0,0.0,False,NO_CONFLICT
rakg_062,TWO_HOP_RELATION,B_STRUCTURED,"A payload carried by Chandrayaan-1 studies the topography of the Moon and its mineral composition. The payloads include the Terrain Mapping Camera (TMC), which maps the Moon's topography with a spatial resolution of 5 m and a swath coverage of 20 km, and the Hyper Spectral Imager (HySI), which maps the Moon's surface in 64 contiguous bands in the VNIR spectral range with a spectral resolution of better than 15 nm and a spatial resolution of 80 m. The data collected by these instruments helps in improving the available information on mineral composition of the surface of the Moon.",0.02,1.0,0.0,False,NO_CONFLICT
rakg_062,TWO_HOP_RELATION,C_TWO_STAGE,"The payloads carried by Chandrayaan-1 are used to study the topography, composition, and mineralogy of the Moon. The Terrain Mapping Camera (TMC) was used to map the lunar surface with high spatial and elevation resolution, while the Hyper Spectral Imager (HySI) was used to obtain spectroscopic data for mineralogical mapping. The Moon Impact Probe (MIP) was used to study the lunar surface and its composition after a lunar impact. The Chandrayaan-1 X-ray Spectrometer (C1XS) was used to study the composition of the Moon's surface.",0.023529,1.0,0.0,False,NO_CONFLICT
rakg_063,MULTI_RELATION,A_CURRENT,The payloads carried by Aditya-L1 were developed by the Indian Space Research Organization (ISRO) and two Indian academic institutes in collaboration with ISRO.,0.074074,0.25,0.0,False,DENSE_MORE_SPECIFIC
rakg_063,MULTI_RELATION,B_STRUCTURED,The payloads carried by Aditya-L1 were developed by two organizations: Indian Space Research Organization (ISRO) and Indian academic institutes in collaboration with ISRO.,0.074074,0.25,0.0,False,DENSE_MORE_SPECIFIC
rakg_063,MULTI_RELATION,C_TWO_STAGE,The payloads carried by Aditya-L1 were developed by ISRO and two Indian academic institutes in collaboration with ISRO.,0.0,0.0,0.0,False,DENSE_MORE_SPECIFIC
rakg_064,SINGLE_RELATION,A_CURRENT,"The objective of the Instrument for Lunar Seismic Activity (ILSA) is to study the seismic activity on the Moon. The ILSA payload on the Chandrayaan-3 lander and rover was designed to measure the seismic activity on the Moon's surface, including the frequency and intensity of seismic events. The data collected by ILSA will help scientists understand the Moon's internal structure and geological processes, as well as its evolution over time. The ILSA payload was developed by the Indian Space Research Organization (ISRO) and was deployed on the Chandrayaan-3 mission in July 2023.",0.020408,0.166667,0.0,False,KG_MORE_SPECIFIC
rakg_064,SINGLE_RELATION,B_STRUCTURED,The objective of the Instrument for Lunar Seismic Activity (ILSA) is to study the seismic activity on the Moon.,0.08,0.166667,0.0,False,KG_MORE_SPECIFIC
rakg_064,SINGLE_RELATION,C_TWO_STAGE,"The objective of Instrument for Lunar Seismic Activity (ILSA) is to study the seismic activity on the Moon. The ILSA is a payload on the Chandrayaan-3 mission, which was launched on July 14, 2023. The ILSA was designed to measure the seismic activity on the Moon and to provide data on the Moon's interior structure and composition. The ILSA was deployed on the Moon's surface and collected data for one lunar day. The data collected by the ILSA was analyzed by the payload teams and published in reputed peer-reviewed journals. The science data have been peer-reviewed by domain experts and released.",0.018692,0.166667,0.0,False,KG_MORE_SPECIFIC
rakg_065,SINGLE_RELATION,A_CURRENT,"The objective of Chandrayaan-I X-ray Spectrometer (CIXS) is to provide soft X-ray spectral measurements of the Sun over a broad energy range. It offers the highest time cadence for such instruments, with full spectrum every second and light curves in three energy bands every 100 ms. The unique design features of the CIXS allow observations over a wide dynamic range of X-ray fluxes from the quiet Sun to X-class flares. CIXS is the only instrument operational providing soft X-ray spectral measurements of the Sun over a broad energy range.",0.020619,0.125,0.0,False,KG_MORE_SPECIFIC
rakg_065,SINGLE_RELATION,B_STRUCTURED,The objective of Chandrayaan-I X-ray Spectrometer (CIXS) is to provide soft X-ray spectral measurements of the Sun over a broad energy range.,0.066667,0.125,0.0,False,KG_MORE_SPECIFIC
rakg_065,SINGLE_RELATION,C_TWO_STAGE,The objective of Chandrayaan-I X-ray Spectrometer (CIXS) is to provide soft X-ray spectral measurements of the Sun over a broad energy range. It is the only instrument operational that provides such measurements.,0.05,0.125,0.0,False,KG_MORE_SPECIFIC
rakg_066,SINGLE_RELATION,A_CURRENT,The High Energy L1 Orbiting X-ray Spectrometer (HEL1OS) was developed by the U R Rao Satellite Centre (URSC).,0.5,1.0,0.0,False,DENSE_MORE_SPECIFIC
rakg_066,SINGLE_RELATION,B_STRUCTURED,The High Energy L1 Orbiting X-ray Spectrometer (HEL1OS) was developed by the U R Rao Satellite Centre (URSC).,0.5,1.0,0.0,False,DENSE_MORE_SPECIFIC
rakg_066,SINGLE_RELATION,C_TWO_STAGE,The High Energy L1 Orbiting X-ray Spectrometer (HEL1OS) was developed by the U R Rao Satellite Centre (URSC).,0.5,1.0,0.0,False,DENSE_MORE_SPECIFIC
rakg_067,SINGLE_RELATION,A_CURRENT,"The objective of Terrain Mapping Camera (TMC) is to provide images (0.4μm to 0.85μm) at 5m spatial resolution and stereo triplets (fore, nadir and aft views) from a 100 km orbit for preparing Digital Elevation model (DEM) of the complete lunar surface. The triplet images from TMC-2 when processed into Digital Elevation Models, enable mapping of surface landform morphologies such as craters, lava tubes, rilles, dorsa or wrinkle ridges, graben structures, domes/cones, and other features. The derived information facilitates estimation of",0.103093,0.357143,0.0,False,KG_MORE_SPECIFIC
rakg_067,SINGLE_RELATION,B_STRUCTURED,"The objective of Terrain Mapping Camera (TMC) is to provide images (0.4μm to 0.85μm) at 5m spatial resolution and stereo triplets (fore, nadir and aft views) from a 100 km orbit for preparing Digital Elevation model (DEM) of the complete lunar surface. The derived information facilitates estimation of dimensions of above features and its comparison for reconstructing the morpho-structural framework, crater characterization to derive impact geometries, surface age determination through Crater Size –Frequency Distribution (CSFD) methods, Rheological analysis based on the derived morphometric parameters, Lunar reflectance",0.117647,0.357143,0.0,False,KG_MORE_SPECIFIC
rakg_067,SINGLE_RELATION,C_TWO_STAGE,"The objective of Terrain Mapping Camera (TMC) is to provide high-resolution images and stereo triplets of the lunar surface from a 100 km orbit. These images and triplets are used to prepare Digital Elevation Models (DEMs) of the complete lunar surface, which enable mapping of surface landform morphologies such as craters, lava tubes, rilles, dorsa, graben structures, domes/cones, and more. The derived information facilitates estimation of dimensions of these features, comparison for reconstructing the morpho-structural framework, crater characterization, surface age determination, rheological analysis, and lunar reflectance",0.137255,0.428571,0.0,False,KG_MORE_SPECIFIC
rakg_068,SINGLE_RELATION,A_CURRENT,The Scanning Sky Monitor (SSM) is not mentioned in the provided context.,0.0,0.0,0.0,False,DENSE_MORE_SPECIFIC
rakg_068,SINGLE_RELATION,B_STRUCTURED,The Scanning Sky Monitor (SSM) was developed by the Vera C. Rubin Observatory-Legacy Survey of Space and Time (LSST).,0.083333,0.2,0.0,False,DENSE_MORE_SPECIFIC
rakg_068,SINGLE_RELATION,C_TWO_STAGE,The organization that developed Scanning Sky Monitor (SSM) is the Indian Space Research Organisation (ISRO).,0.5,1.0,0.0,False,DENSE_MORE_SPECIFIC
rakg_069,SINGLE_RELATION,A_CURRENT,The objective of Lunar Laser Ranging Instrument (LLRI) is not mentioned in the provided context.,0.076923,0.1,0.0,False,KG_MORE_SPECIFIC
rakg_069,SINGLE_RELATION,B_STRUCTURED,The objective of Lunar Laser Ranging Instrument (LLRI) is not mentioned in the provided context.,0.076923,0.1,0.0,False,KG_MORE_SPECIFIC
rakg_069,SINGLE_RELATION,C_TWO_STAGE,I don't know.,0.0,0.0,0.0,True,KG_MORE_SPECIFIC
rakg_070,MULTI_RELATION,A_CURRENT,The payloads carried by Aditya-L1 were developed by the Indian Space Research Organization (ISRO) and two Indian academic institutes in collaboration with ISRO.,0.071429,0.2,0.0,False,DENSE_MORE_SPECIFIC
rakg_070,MULTI_RELATION,B_STRUCTURED,The payloads carried by Aditya-L1 were developed by two organizations: ISRO and Indian academic institutes in collaboration with ISRO.,0.083333,0.2,0.0,False,DENSE_MORE_SPECIFIC
rakg_070,MULTI_RELATION,C_TWO_STAGE,The payloads carried by Aditya-L1 were developed by ISRO and two Indian academic institutes in collaboration with ISRO.,0.086957,0.2,0.0,False,DENSE_MORE_SPECIFIC
rakg_071,DIRECT_CONTROL,A_CURRENT,"The Mars Orbiter Mission was launched by the Indian Space Agency (ISRO) using the Polar Satellite Launch Vehicle (PSLV). However, the specific version of PSLV used for the launch is not mentioned in the given context.",0.0,0.0,0.0,False,NO_CONFLICT
rakg_071,DIRECT_CONTROL,B_STRUCTURED,"The Mars Orbiter Mission was launched by the Indian Space Research Organization (ISRO) using the Polar Satellite Launch Vehicle (PSLV). The specific PSLV model used for the launch was PSLV-C11. The launch took place on October 24, 2013, and the Mars Orbiter Mission successfully entered into Mars' orbit on September 21, 2014.",0.0,0.0,0.0,False,NO_CONFLICT
rakg_071,DIRECT_CONTROL,C_TWO_STAGE,"The Mars Orbiter Mission was launched by the Indian Space Research Organization (ISRO) using the Polar Satellite Launch Vehicle (PSLV). Specifically, PSLV-C11 was used to launch the Mars Orbiter Mission on October 24, 2013.",0.0,0.0,0.0,False,NO_CONFLICT
rakg_072,SINGLE_RELATION,A_CURRENT,"The objective of Chandrayaan-2 Large Area Soft X-ray spectrometer (CLASS) is to provide high energy resolution and high-cadence measurements of the solar X-ray spectrum in the energy range of 1-15 keV incident on the lunar surface. The data from CLASS is input for analysis of data from the XSM, which detects X-rays emitted by the Sun and its corona, measures its intensity, and supports the XSM payload. The XSM provides disk integrated solar spectra in the energy range of 1 – 15 keV with a spectral resolution of better than 180 eV at 5.9 keV, which is the",0.076923,0.571429,0.0,False,KG_MORE_SPECIFIC
rakg_072,SINGLE_RELATION,B_STRUCTURED,"The objective of Chandrayaan-2 Large Area Soft X ray spectrometer (CLASS) is to provide disk integrated solar spectra in the energy range of 1 – 15 keV with a spectral resolution of better than 180 eV at 5.9 keV, which is the best available among similar instruments that carried out such measurements till now. The XSM also offers the highest time cadence for such instruments: full spectrum every second and light curves in three energy bands every 100 ms. The unique design features of the XSM allows observations over a wide dynamic range of X-ray fluxes from the quiet Sun to X-class flares.",0.018349,0.142857,0.0,False,KG_MORE_SPECIFIC
rakg_072,SINGLE_RELATION,C_TWO_STAGE,The objective of Chandrayaan-2 Large Area Soft X ray spectrometer (CLASS) is to provide the solar X-ray spectrum in the energy range of 1-15 keV incident on the lunar surface. It supports the CLASS payload and provides high energy resolution and high-cadence measurements (full spectrum every second) as input for analysis of data from CLASS.,0.129032,0.571429,0.0,False,KG_MORE_SPECIFIC
