split,question_id,category,condition,rouge_l,coverage,exact_match,idk
development,rakg_001,TWO_HOP_RELATION,A_CURRENT,0.133333,1.0,0.0,False
development,rakg_001,TWO_HOP_RELATION,B_STRUCTURED,0.133333,1.0,0.0,False
development,rakg_001,TWO_HOP_RELATION,C_TWO_STAGE,0.074074,1.0,0.0,False
development,rakg_002,MULTI_RELATION,A_CURRENT,0.0,0.0,0.0,False
development,rakg_002,MULTI_RELATION,B_STRUCTURED,0.0,0.0,0.0,False
development,rakg_002,MULTI_RELATION,C_TWO_STAGE,0.0,0.0,0.0,False
development,rakg_007,MULTI_RELATION,A_CURRENT,0.111111,0.166667,0.0,False
development,rakg_007,MULTI_RELATION,B_STRUCTURED,0.526316,0.833333,0.0,False
development,rakg_007,MULTI_RELATION,C_TWO_STAGE,0.111111,0.166667,0.0,False
development,rakg_008,SINGLE_RELATION,A_CURRENT,0.044444,0.2,0.0,False
development,rakg_008,SINGLE_RELATION,B_STRUCTURED,0.035088,0.2,0.0,False
development,rakg_008,SINGLE_RELATION,C_TWO_STAGE,0.040404,0.2,0.0,False
development,rakg_009,SINGLE_RELATION,A_CURRENT,0.105263,0.166667,0.0,False
development,rakg_009,SINGLE_RELATION,B_STRUCTURED,0.6,1.0,0.0,False
development,rakg_009,SINGLE_RELATION,C_TWO_STAGE,0.6,1.0,0.0,False
development,rakg_012,SINGLE_RELATION,A_CURRENT,0.0,0.0,0.0,False
development,rakg_012,SINGLE_RELATION,B_STRUCTURED,0.1,0.166667,0.0,False
development,rakg_012,SINGLE_RELATION,C_TWO_STAGE,0.1,0.166667,0.0,False
development,rakg_016,SINGLE_RELATION,A_CURRENT,0.065217,0.3,0.0,False
development,rakg_016,SINGLE_RELATION,B_STRUCTURED,0.116279,0.6,0.0,False
development,rakg_016,SINGLE_RELATION,C_TWO_STAGE,0.709677,1.0,0.0,False
development,rakg_017,TWO_HOP_RELATION,A_CURRENT,0.0,0.0,0.0,False
development,rakg_017,TWO_HOP_RELATION,B_STRUCTURED,0.0,0.0,0.0,False
development,rakg_017,TWO_HOP_RELATION,C_TWO_STAGE,0.0,0.0,0.0,False
development,rakg_018,DIRECT_CONTROL,A_CURRENT,0.625,0.833333,0.0,False
development,rakg_018,DIRECT_CONTROL,B_STRUCTURED,0.0,0.0,0.0,False
development,rakg_018,DIRECT_CONTROL,C_TWO_STAGE,0.555556,0.833333,0.0,False
development,rakg_019,DIRECT_CONTROL,A_CURRENT,0.235294,0.5,0.0,False
development,rakg_019,DIRECT_CONTROL,B_STRUCTURED,0.235294,0.5,0.0,False
development,rakg_019,DIRECT_CONTROL,C_TWO_STAGE,0.705882,1.0,0.0,False
development,rakg_022,MULTI_RELATION,A_CURRENT,0.111111,0.166667,0.0,False
development,rakg_022,MULTI_RELATION,B_STRUCTURED,0.526316,0.833333,0.0,False
development,rakg_022,MULTI_RELATION,C_TWO_STAGE,0.111111,0.166667,0.0,False
development,rakg_023,MULTI_RELATION,A_CURRENT,0.071429,0.2,0.0,False
development,rakg_023,MULTI_RELATION,B_STRUCTURED,0.071429,0.2,0.0,False
development,rakg_023,MULTI_RELATION,C_TWO_STAGE,0.0,0.0,0.0,False
development,rakg_026,SINGLE_RELATION,A_CURRENT,0.421053,1.0,0.0,False
development,rakg_026,SINGLE_RELATION,B_STRUCTURED,0.150943,1.0,0.0,False
development,rakg_026,SINGLE_RELATION,C_TWO_STAGE,0.421053,1.0,0.0,False
development,rakg_027,DIRECT_CONTROL,A_CURRENT,0.0,0.0,0.0,False
development,rakg_027,DIRECT_CONTROL,B_STRUCTURED,0.0,0.0,0.0,False
development,rakg_027,DIRECT_CONTROL,C_TWO_STAGE,0.0,0.0,0.0,True
development,rakg_029,SINGLE_RELATION,A_CURRENT,0.5,1.0,0.0,False
development,rakg_029,SINGLE_RELATION,B_STRUCTURED,0.25641,1.0,0.0,False
development,rakg_029,SINGLE_RELATION,C_TWO_STAGE,0.588235,1.0,0.0,False
development,rakg_031,TWO_HOP_RELATION,A_CURRENT,0.0,0.0,0.0,False
development,rakg_031,TWO_HOP_RELATION,B_STRUCTURED,0.0,0.0,0.0,False
development,rakg_031,TWO_HOP_RELATION,C_TWO_STAGE,0.0,0.0,0.0,False
development,rakg_032,SINGLE_RELATION,A_CURRENT,0.272727,0.6,0.0,False
development,rakg_032,SINGLE_RELATION,B_STRUCTURED,0.285714,0.6,0.0,False
development,rakg_032,SINGLE_RELATION,C_TWO_STAGE,0.555556,1.0,0.0,False
development,rakg_033,SINGLE_RELATION,A_CURRENT,0.0,0.0,0.0,False
development,rakg_033,SINGLE_RELATION,B_STRUCTURED,0.0,0.0,0.0,False
development,rakg_033,SINGLE_RELATION,C_TWO_STAGE,0.0,0.0,0.0,True
development,rakg_034,TWO_HOP_RELATION,A_CURRENT,0.0,0.0,0.0,False
development,rakg_034,TWO_HOP_RELATION,B_STRUCTURED,0.0,0.0,0.0,False
development,rakg_034,TWO_HOP_RELATION,C_TWO_STAGE,0.0,0.0,0.0,False
development,rakg_036,SINGLE_RELATION,A_CURRENT,0.0,0.0,0.0,False
development,rakg_036,SINGLE_RELATION,B_STRUCTURED,0.0,0.0,0.0,False
development,rakg_036,SINGLE_RELATION,C_TWO_STAGE,0.0,0.0,0.0,False
development,rakg_037,DIRECT_CONTROL,A_CURRENT,0.363636,1.0,0.0,False
development,rakg_037,DIRECT_CONTROL,B_STRUCTURED,0.363636,1.0,0.0,False
development,rakg_037,DIRECT_CONTROL,C_TWO_STAGE,0.074074,1.0,0.0,False
development,rakg_038,TWO_HOP_RELATION,A_CURRENT,0.021053,1.0,0.0,False
development,rakg_038,TWO_HOP_RELATION,B_STRUCTURED,0.023256,1.0,0.0,False
development,rakg_038,TWO_HOP_RELATION,C_TWO_STAGE,0.026667,1.0,0.0,False
development,rakg_041,SINGLE_RELATION,A_CURRENT,0.133333,0.5,0.0,False
development,rakg_041,SINGLE_RELATION,B_STRUCTURED,0.163265,0.75,0.0,False
development,rakg_041,SINGLE_RELATION,C_TWO_STAGE,0.0,0.0,0.0,True
development,rakg_042,MULTI_RELATION,A_CURRENT,0.0,0.0,0.0,False
development,rakg_042,MULTI_RELATION,B_STRUCTURED,0.0,0.0,0.0,False
development,rakg_042,MULTI_RELATION,C_TWO_STAGE,0.0,0.0,0.0,False
development,rakg_043,TWO_HOP_RELATION,A_CURRENT,0.057971,0.333333,0.0,False
development,rakg_043,TWO_HOP_RELATION,B_STRUCTURED,0.148148,1.0,0.0,False
development,rakg_043,TWO_HOP_RELATION,C_TWO_STAGE,0.363636,1.0,0.0,False
development,rakg_046,SINGLE_RELATION,A_CURRENT,0.47619,1.0,0.0,False
development,rakg_046,SINGLE_RELATION,B_STRUCTURED,0.25641,1.0,0.0,False
development,rakg_046,SINGLE_RELATION,C_TWO_STAGE,0.454545,1.0,0.0,False
development,rakg_047,DIRECT_CONTROL,A_CURRENT,0.0,0.0,0.0,False
development,rakg_047,DIRECT_CONTROL,B_STRUCTURED,0.0,0.0,0.0,False
development,rakg_047,DIRECT_CONTROL,C_TWO_STAGE,0.0,0.0,0.0,False
development,rakg_048,SINGLE_RELATION,A_CURRENT,0.044944,0.181818,0.0,False
development,rakg_048,SINGLE_RELATION,B_STRUCTURED,0.051282,0.181818,0.0,False
development,rakg_048,SINGLE_RELATION,C_TWO_STAGE,0.036697,0.181818,0.0,False
development,rakg_049,SINGLE_RELATION,A_CURRENT,0.5,1.0,0.0,False
development,rakg_049,SINGLE_RELATION,B_STRUCTURED,0.5,1.0,0.0,False
development,rakg_049,SINGLE_RELATION,C_TWO_STAGE,0.5,1.0,0.0,False
development,rakg_051,SINGLE_RELATION,A_CURRENT,0.521739,1.0,0.0,False
development,rakg_051,SINGLE_RELATION,B_STRUCTURED,0.292683,1.0,0.0,False
development,rakg_051,SINGLE_RELATION,C_TWO_STAGE,0.521739,1.0,0.0,False
development,rakg_052,SINGLE_RELATION,A_CURRENT,0.333333,0.6,0.0,False
development,rakg_052,SINGLE_RELATION,B_STRUCTURED,0.071429,0.4,0.0,False
development,rakg_052,SINGLE_RELATION,C_TWO_STAGE,0.421053,0.8,0.0,False
development,rakg_053,SINGLE_RELATION,A_CURRENT,0.0,0.0,0.0,False
development,rakg_053,SINGLE_RELATION,B_STRUCTURED,0.0,0.0,0.0,False
development,rakg_053,SINGLE_RELATION,C_TWO_STAGE,0.066667,0.4,0.0,False
development,rakg_054,DIRECT_CONTROL,A_CURRENT,0.0,0.0,0.0,True
development,rakg_054,DIRECT_CONTROL,B_STRUCTURED,0.235294,1.0,0.0,False
development,rakg_054,DIRECT_CONTROL,C_TWO_STAGE,0.363636,1.0,0.0,False
development,rakg_056,TWO_HOP_RELATION,A_CURRENT,0.0,0.0,0.0,False
development,rakg_056,TWO_HOP_RELATION,B_STRUCTURED,0.031746,1.0,0.0,False
development,rakg_056,TWO_HOP_RELATION,C_TWO_STAGE,0.071429,1.0,0.0,False
development,rakg_057,SINGLE_RELATION,A_CURRENT,0.666667,1.0,0.0,False
development,rakg_057,SINGLE_RELATION,B_STRUCTURED,0.666667,1.0,0.0,False
development,rakg_057,SINGLE_RELATION,C_TWO_STAGE,0.282051,1.0,0.0,False
development,rakg_058,DIRECT_CONTROL,A_CURRENT,0.75,1.0,0.0,False
development,rakg_058,DIRECT_CONTROL,B_STRUCTURED,0.413793,1.0,0.0,False
development,rakg_058,DIRECT_CONTROL,C_TWO_STAGE,0.75,1.0,0.0,False
development,rakg_059,SINGLE_RELATION,A_CURRENT,0.0,0.0,0.0,False
development,rakg_059,SINGLE_RELATION,B_STRUCTURED,0.0,0.0,0.0,False
development,rakg_059,SINGLE_RELATION,C_TWO_STAGE,0.0,0.0,0.0,True
development,rakg_061,TWO_HOP_RELATION,A_CURRENT,0.070588,0.5,0.0,False
development,rakg_061,TWO_HOP_RELATION,B_STRUCTURED,0.142857,0.166667,0.0,False
development,rakg_061,TWO_HOP_RELATION,C_TWO_STAGE,0.142857,1.0,0.0,False
development,rakg_062,TWO_HOP_RELATION,A_CURRENT,0.021053,1.0,0.0,False
development,rakg_062,TWO_HOP_RELATION,B_STRUCTURED,0.02,1.0,0.0,False
development,rakg_062,TWO_HOP_RELATION,C_TWO_STAGE,0.023529,1.0,0.0,False
development,rakg_063,MULTI_RELATION,A_CURRENT,0.074074,0.25,0.0,False
development,rakg_063,MULTI_RELATION,B_STRUCTURED,0.074074,0.25,0.0,False
development,rakg_063,MULTI_RELATION,C_TWO_STAGE,0.0,0.0,0.0,False
development,rakg_064,SINGLE_RELATION,A_CURRENT,0.020408,0.166667,0.0,False
development,rakg_064,SINGLE_RELATION,B_STRUCTURED,0.08,0.166667,0.0,False
development,rakg_064,SINGLE_RELATION,C_TWO_STAGE,0.018692,0.166667,0.0,False
development,rakg_066,SINGLE_RELATION,A_CURRENT,0.5,1.0,0.0,False
development,rakg_066,SINGLE_RELATION,B_STRUCTURED,0.5,1.0,0.0,False
development,rakg_066,SINGLE_RELATION,C_TWO_STAGE,0.5,1.0,0.0,False
development,rakg_067,SINGLE_RELATION,A_CURRENT,0.103093,0.357143,0.0,False
development,rakg_067,SINGLE_RELATION,B_STRUCTURED,0.117647,0.357143,0.0,False
development,rakg_067,SINGLE_RELATION,C_TWO_STAGE,0.137255,0.428571,0.0,False
development,rakg_068,SINGLE_RELATION,A_CURRENT,0.0,0.0,0.0,False
development,rakg_068,SINGLE_RELATION,B_STRUCTURED,0.083333,0.2,0.0,False
development,rakg_068,SINGLE_RELATION,C_TWO_STAGE,0.5,1.0,0.0,False
development,rakg_069,SINGLE_RELATION,A_CURRENT,0.076923,0.1,0.0,False
development,rakg_069,SINGLE_RELATION,B_STRUCTURED,0.076923,0.1,0.0,False
development,rakg_069,SINGLE_RELATION,C_TWO_STAGE,0.0,0.0,0.0,True
development,rakg_071,DIRECT_CONTROL,A_CURRENT,0.0,0.0,0.0,False
development,rakg_071,DIRECT_CONTROL,B_STRUCTURED,0.0,0.0,0.0,False
development,rakg_071,DIRECT_CONTROL,C_TWO_STAGE,0.0,0.0,0.0,False
development,rakg_072,SINGLE_RELATION,A_CURRENT,0.076923,0.571429,0.0,False
development,rakg_072,SINGLE_RELATION,B_STRUCTURED,0.018349,0.142857,0.0,False
development,rakg_072,SINGLE_RELATION,C_TWO_STAGE,0.129032,0.571429,0.0,False
held_out_evaluation,rakg_005,MULTI_RELATION,A_CURRENT,0.064516,0.125,0.0,False
held_out_evaluation,rakg_005,MULTI_RELATION,B_STRUCTURED,0.074074,0.125,0.0,False
held_out_evaluation,rakg_005,MULTI_RELATION,C_TWO_STAGE,0.076923,0.125,0.0,False
held_out_evaluation,rakg_010,MULTI_RELATION,A_CURRENT,0.588235,1.0,0.0,False
held_out_evaluation,rakg_010,MULTI_RELATION,B_STRUCTURED,0.111111,0.2,0.0,False
held_out_evaluation,rakg_010,MULTI_RELATION,C_TWO_STAGE,0.588235,1.0,0.0,False
held_out_evaluation,rakg_015,SINGLE_RELATION,A_CURRENT,0.0,0.0,0.0,False
held_out_evaluation,rakg_015,SINGLE_RELATION,B_STRUCTURED,0.0,0.0,0.0,False
held_out_evaluation,rakg_015,SINGLE_RELATION,C_TWO_STAGE,0.0,0.0,0.0,False
held_out_evaluation,rakg_020,DIRECT_CONTROL,A_CURRENT,0.307692,0.333333,0.0,False
held_out_evaluation,rakg_020,DIRECT_CONTROL,B_STRUCTURED,0.25,0.333333,0.0,False
held_out_evaluation,rakg_020,DIRECT_CONTROL,C_TWO_STAGE,0.75,1.0,0.0,False
held_out_evaluation,rakg_025,SINGLE_RELATION,A_CURRENT,0.075472,0.266667,0.0,False
held_out_evaluation,rakg_025,SINGLE_RELATION,B_STRUCTURED,0.077922,0.2,0.0,False
held_out_evaluation,rakg_025,SINGLE_RELATION,C_TWO_STAGE,0.04,0.2,0.0,False
held_out_evaluation,rakg_030,TWO_HOP_RELATION,A_CURRENT,0.038462,0.25,0.0,False
held_out_evaluation,rakg_030,TWO_HOP_RELATION,B_STRUCTURED,0.071429,0.5,0.0,False
held_out_evaluation,rakg_030,TWO_HOP_RELATION,C_TWO_STAGE,0.042553,0.5,0.0,False
held_out_evaluation,rakg_035,DIRECT_CONTROL,A_CURRENT,0.0,0.0,0.0,False
held_out_evaluation,rakg_035,DIRECT_CONTROL,B_STRUCTURED,0.0,0.0,0.0,False
held_out_evaluation,rakg_035,DIRECT_CONTROL,C_TWO_STAGE,0.0,0.0,0.0,True
held_out_evaluation,rakg_040,MULTI_RELATION,A_CURRENT,0.0,0.0,0.0,False
held_out_evaluation,rakg_040,MULTI_RELATION,B_STRUCTURED,0.0,0.0,0.0,False
held_out_evaluation,rakg_040,MULTI_RELATION,C_TWO_STAGE,0.0,0.0,0.0,False
held_out_evaluation,rakg_050,SINGLE_RELATION,A_CURRENT,0.0,0.0,0.0,False
held_out_evaluation,rakg_050,SINGLE_RELATION,B_STRUCTURED,0.0,0.0,0.0,False
held_out_evaluation,rakg_050,SINGLE_RELATION,C_TWO_STAGE,0.615385,1.0,0.0,False
held_out_evaluation,rakg_055,SINGLE_RELATION,A_CURRENT,0.079208,0.4,0.0,False
held_out_evaluation,rakg_055,SINGLE_RELATION,B_STRUCTURED,0.079208,0.4,0.0,False
held_out_evaluation,rakg_055,SINGLE_RELATION,C_TWO_STAGE,0.689655,1.0,0.0,False
held_out_evaluation,rakg_060,SINGLE_RELATION,A_CURRENT,0.1,0.2,0.0,False
held_out_evaluation,rakg_060,SINGLE_RELATION,B_STRUCTURED,0.095238,0.2,0.0,False
held_out_evaluation,rakg_060,SINGLE_RELATION,C_TWO_STAGE,0.095238,0.2,0.0,False
held_out_evaluation,rakg_065,SINGLE_RELATION,A_CURRENT,0.020619,0.125,0.0,False
held_out_evaluation,rakg_065,SINGLE_RELATION,B_STRUCTURED,0.066667,0.125,0.0,False
held_out_evaluation,rakg_065,SINGLE_RELATION,C_TWO_STAGE,0.05,0.125,0.0,False
held_out_evaluation,rakg_070,MULTI_RELATION,A_CURRENT,0.071429,0.2,0.0,False
held_out_evaluation,rakg_070,MULTI_RELATION,B_STRUCTURED,0.083333,0.2,0.0,False
held_out_evaluation,rakg_070,MULTI_RELATION,C_TWO_STAGE,0.086957,0.2,0.0,False
